Champion_1,Champion_2,True_Winrate,Predicted_Winrate
Ambessa,Vi,0.6666667,0.52218807
Ambessa,Aurora,0.47058824,0.5905491
Ambessa,MissFortune,0.8333333,0.5699532
Ambessa,Elise,1.0,0.9423976
Aurora,Vi,0.5714286,0.53591233
MissFortune,Vi,0.7,0.7539847
Elise,Vi,0.71428573,0.6063633
Aurora,MissFortune,0.6666667,0.7393767
Aurora,Elise,0.6666667,0.76526284
Elise,MissFortune,0.6666667,0.6633039
Poppy,Viego,0.375,0.30142665
Azir,Poppy,0.44444445,0.1982295
Ezreal,Poppy,0.375,0.34694746
Neeko,Poppy,0.5,0.4952764
Azir,Viego,0.6315789,0.72759473
Ezreal,Viego,0.5217391,0.5467488
Neeko,Viego,0.46666667,0.40495622
Azir,Ezreal,0.33333334,0.44255298
Azir,Neeko,0.625,0.68025815
Ezreal,Neeko,0.65,0.55628496
Jayce,Vi,0.65,0.5312282
Azir,Jayce,0.53333336,0.8185614
Caitlyn,Jayce,0.42857143,0.49139845
Braum,Jayce,0.75,0.6704541
Azir,Vi,0.71428573,0.5399406
Caitlyn,Vi,0.5,0.37442186
Braum,Vi,0.33333334,0.4597997
Azir,Caitlyn,0.6,0.615652
Azir,Braum,0.33333334,0.38048357
Braum,Caitlyn,0.6666667,0.717047
Draven,Fiora,0.6666667,0.6099482
Fiora,Pyke,1.0,0.8526419
Draven,Pyke,0.625,0.638742
Aatrox,Naafiri,0.0,0.100454524
Aatrox,Ezreal,0.6363636,0.96443826
Aatrox,Poppy,0.33333334,0.37155765
Naafiri,Xerath,0.33333334,0.33232737
Ezreal,Naafiri,0.4375,0.45650208
Naafiri,Poppy,0.625,0.5523268
Ezreal,Xerath,0.33333334,0.3703355
Gwen,Jayce,0.5714286,0.53936523
Gwen,Kaisa,0.54545456,0.580027
Gwen,Leona,0.375,0.5066792
Jayce,Kaisa,0.65625,0.71722186
Jayce,Leona,0.54545456,0.47979432
Kaisa,Leona,0.75,0.66142976
Akali,RekSai,0.5,0.46097368
Akali,Neeko,0.8333333,0.7802391
Neeko,RekSai,0.5,0.48451623
Gwen,Sylas,0.41666666,0.39082795
Ezreal,Gwen,0.5,0.37426126
Gwen,Karma,0.36363637,0.18821934
Ezreal,Shaco,0.0,0.0066640587
Ezreal,Sylas,0.5185185,0.3902169
Karma,Sylas,0.5,0.43794945
Ezreal,Karma,0.5833333,0.53174347
Ahri,Jayce,0.8,0.920466
Jayce,Rell,0.54545456,0.56029093
Ahri,Vi,0.45833334,0.488995
Kaisa,Vi,0.6097561,0.6621299
Rell,Vi,0.33333334,0.6010623
Ahri,Kaisa,0.53846157,0.63137984
Ahri,Rell,0.75,0.70782137
Kaisa,Rell,0.5217391,0.47761467
Ryze,Talon,0.2,0.35765934
Ezreal,Ryze,0.3,0.3175108
Rakan,Ryze,0.42857143,0.4514876
Ezreal,Talon,0.33333334,0.3378209
Rakan,Talon,0.33333334,0.35349515
Ezreal,TwistedFate,0.5,0.5183362
Ezreal,Rakan,0.54545456,0.48478672
Viego,Yone,0.5714286,0.44253227
Ryze,Yone,0.6666667,0.6280869
Sylas,Yone,0.6666667,0.63690037
Ryze,Viego,0.42857143,0.39311814
Draven,Viego,0.375,0.41049817
Sylas,Viego,0.4375,0.4872755
Draven,Ryze,0.5,0.5287625
Draven,Sylas,0.6,0.487743
Azir,Nocturne,0.75,0.7715737
Ezreal,Nocturne,1.0,0.96130884
Leona,Nocturne,1.0,0.85612994
Azir,Leona,1.0,0.8320588
Ezreal,Leona,0.57894737,0.69138813
Ezreal,Rumble,0.3529412,0.37917477
Jhin,Rumble,0.5,0.41484562
Rumble,Sylas,0.0,0.13622075
Ezreal,Hwei,0.375,0.3946545
Hwei,Jhin,0.25,0.20048645
Jhin,Sylas,0.5,0.5469551
Fiora,Viego,0.4,0.44565526
Ekko,Fiora,0.6,0.5506758
Fiora,Lucian,0.6666667,0.62157154
Fiora,Nautilus,0.71428573,0.72441936
Ekko,Viego,0.5714286,0.6028856
Nautilus,Viego,0.5263158,0.34321383
Ekko,Nautilus,0.75,0.8150838
Ekko,Varus,0.4,0.47372016
Naafiri,Varus,0.5882353,0.69272745
Ornn,Varus,0.33333334,0.33425257
Poppy,Varus,0.5625,0.44480577
Ekko,Naafiri,0.33333334,0.33551785
Ekko,Poppy,0.6,0.6236592
Irelia,Lillia,0.6666667,0.6674161
Irelia,Zeri,1.0,0.9378471
Jayce,Maokai,0.25,0.16984758
Jayce,Senna,0.5,0.45206133
Azir,Maokai,0.33333334,0.3638694
Azir,Senna,0.5,0.46341652
Fiora,Vi,0.5555556,0.59707713
Fiora,Kaisa,0.5714286,0.610086
Alistar,Fiora,0.54545456,0.7348801
Vex,Vi,0.6666667,0.70403796
Alistar,Vi,0.8333333,0.74537104
Alistar,Kaisa,0.52380955,0.5417168
KSante,Kaisa,0.5,0.6680159
KSante,Zoe,0.6,0.60054
Mel,XinZhao,0.6666667,0.56761557
Kaisa,XinZhao,0.5,0.36343178
Kaisa,Mel,0.6666667,0.5936795
Mel,Zoe,0.75,0.64658165
Kaisa,Zoe,0.4,0.55995125
Ezreal,Teemo,0.0,0.009564448
Naafiri,Yone,0.4,0.33549184
Naafiri,Senna,0.33333334,0.35138345
Ezreal,Yone,0.47058824,0.3775555
Senna,Yone,0.5714286,0.55716157
Ezreal,Senna,0.36363637,0.42148697
Galio,Olaf,0.33333334,0.29391357
Olaf,Varus,0.6666667,0.6040893
Karma,Olaf,0.25,0.28482035
RekSai,Varus,0.625,0.6527114
Karma,RekSai,1.0,0.9092657
Galio,Varus,0.6363636,0.6016855
Galio,Karma,0.54545456,0.58640707
Karma,Varus,0.53846157,0.5381081
Akali,Sejuani,0.0,0.08615319
Akali,Jhin,0.33333334,0.32381788
Sejuani,Sylas,0.25,0.20430006
Jhin,Sejuani,0.8333333,0.80779064
Lux,Sylas,0.33333334,0.31403023
Jhin,Lux,0.42857143,0.4279411
Gwen,Sejuani,0.42857143,0.48518714
Gwen,Naafiri,0.35714287,0.22348338
Braum,Gwen,0.71428573,0.696719
Ezreal,Sejuani,0.625,0.6269978
Braum,Naafiri,1.0,0.8985954
Braum,Ezreal,0.5625,0.57171273
Akali,Vi,0.33333334,0.40791652
Akali,Ambessa,0.5,0.43749917
Akali,Kaisa,0.54545456,0.5530509
Ambessa,Kaisa,0.4848485,0.49404475
Jayce,Sejuani,0.0,0.16124015
Jayce,Naafiri,0.6666667,0.65038043
Ashe,Jayce,0.25,0.34369287
Elise,Jayce,0.5555556,0.5559413
Elise,Sejuani,0.0,0.16860563
Ashe,Naafiri,0.33333334,0.31067827
Elise,Naafiri,0.25,0.206574
Ashe,Elise,0.5,0.5364263
Anivia,Talon,0.6,0.6231137
Bard,Talon,1.0,0.81318426
Jayce,Sylas,0.7777778,0.65443784
Draven,Jayce,0.25,0.13841437
Jayce,Pyke,0.42857143,0.42873415
Pyke,Sylas,0.42857143,0.42363596
Ambessa,Ezreal,0.4642857,0.4762602
Ambessa,Anivia,0.375,0.3053378
Akali,Ezreal,0.33333334,0.1538864
Anivia,Ezreal,0.125,0.15098582
Gwen,Smolder,1.0,0.93814045
Alistar,Gwen,0.46666667,0.58739483
Alistar,Smolder,0.6666667,0.6675577
Alistar,Ezreal,0.61904764,0.75903237
Ambessa,Naafiri,0.44444445,0.28169337
Ambessa,Galio,0.6666667,0.6808783
Ambessa,Rakan,0.45454547,0.44121072
Galio,Naafiri,0.22222222,0.3073891
Kaisa,Naafiri,0.4,0.42323178
Naafiri,Rakan,0.5,0.47347084
Galio,Kaisa,0.53333336,0.5657564
Galio,Rakan,0.71428573,0.6129894
Kaisa,Rakan,0.45,0.48603672
Camille,Draven,0.6666667,0.5774112
Ambessa,Zed,0.375,0.46998015
Ambessa,Varus,0.64285713,0.57526743
Ambessa,Bard,0.75,0.66792154
Aurora,Zed,0.33333334,0.3392498
Varus,Zed,0.54545456,0.4628234
Aurora,Varus,0.46153846,0.49793753
Aurora,Bard,0.5,0.5575781
Bard,Varus,0.6666667,0.7718103
Gnar,Naafiri,0.6,0.62425244
Gnar,Varus,1.0,0.9217858
Mel,Naafiri,0.75,0.8835467
Naafiri,Pyke,0.41666666,0.5010868
Mel,Pyke,0.5,0.46220425
Pyke,Varus,0.5714286,0.5535244
Anivia,Vi,0.375,0.21640314
Nautilus,Vi,0.5,0.44810367
Anivia,Kaisa,0.4,0.34188718
Anivia,Nautilus,0.0,0.14036721
Kaisa,Nautilus,0.42857143,0.49804834
RekSai,Rumble,0.4,0.40876627
LeeSin,Rumble,0.25,0.28390616
Rumble,Senna,0.4,0.36677435
RekSai,Senna,0.0,0.17584029
Akali,LeeSin,0.0,0.047735568
Akali,Senna,0.6,0.64832115
LeeSin,Senna,0.42857143,0.4549648
KSante,Naafiri,0.71428573,0.7966756
KSante,Tristana,0.25,0.36125454
KSante,Pyke,0.33333334,0.2729045
Naafiri,Tristana,0.6666667,0.6144731
Naafiri,Ziggs,0.75,0.7411853
Pyke,Tristana,0.33333334,0.3896189
Pyke,Ziggs,0.6666667,0.6156339
Gwen,LeeSin,0.5652174,0.64413685
Gwen,Taliyah,0.6666667,0.6644789
LeeSin,Taliyah,0.0,0.17256586
Ezreal,LeeSin,0.3,0.3721442
LeeSin,Leona,0.2857143,0.42189535
Ezreal,Taliyah,0.6,0.5216166
Leona,Taliyah,0.42857143,0.5075652
Jax,Viego,0.4,0.34789053
Jax,Kaisa,0.44444445,0.43822747
Jax,Rell,0.33333334,0.40673032
Viego,Zoe,0.4,0.2818746
Kaisa,Viego,0.35,0.30251405
Rell,Viego,0.5714286,0.5879892
Rell,Zoe,0.6666667,0.65972877
Renekton,Zyra,0.33333334,0.039040457
Renekton,Viego,0.33333334,0.33747345
Renekton,Varus,0.4,0.36506087
Poppy,Renekton,0.5714286,0.63403666
Varus,Zyra,0.625,0.63168526
Poppy,Zyra,0.625,0.6846356
Varus,Viego,0.61538464,0.668557
Ambessa,Ekko,0.42857143,0.40947375
Ambessa,Yone,0.42857143,0.53802633
Ambessa,Jhin,0.47368422,0.5350988
Ekko,Yone,0.75,0.6949611
Ekko,Jhin,0.5714286,0.5673096
Jhin,Yone,0.6666667,0.5337721
Maokai,Yone,0.5714286,0.5577035
Jhin,Maokai,0.5,0.56224763
Jayce,Viego,0.5,0.4989668
Jayce,Tristana,0.47826087,0.40287572
Alistar,Jayce,0.5294118,0.4532457
Tristana,Viego,0.5,0.5408104
Alistar,Viego,0.5294118,0.6074371
Sylas,Tristana,0.6,0.6386901
Alistar,Sylas,0.85714287,0.7948692
Alistar,Tristana,0.42857143,0.4886035
Rell,Zeri,0.6,0.71706516
Ekko,Ezreal,0.2857143,0.24201366
Ekko,Rell,0.5,0.5077728
Rell,Taliyah,0.5714286,0.579483
Ezreal,Rell,0.36363637,0.3655308
Nautilus,Sejuani,0.6666667,0.5996567
Corki,Ekko,0.75,0.68343997
Corki,Jhin,0.5,0.46043915
Corki,Nautilus,0.54545456,0.50807714
Jhin,Nautilus,0.53846157,0.5399772
Darius,Syndra,0.33333334,0.3382748
Darius,Varus,0.14285715,0.22357841
Darius,Karma,0.2,0.17062938
Syndra,Varus,0.4,0.43795237
Ambessa,Orianna,0.6666667,0.63809514
Ambessa,Corki,0.30769232,0.36451277
Ambessa,Sylas,0.5625,0.4660427
Naafiri,Orianna,0.5,0.48766428
Corki,Naafiri,0.6363636,0.7204939
Naafiri,Sylas,0.5714286,0.57925165
Corki,Orianna,1.0,0.94814944
Corki,Sylas,0.33333334,0.26281554
Leona,XinZhao,0.6666667,0.6087322
AurelionSol,Yone,0.33333334,0.33907843
Leona,Yone,0.4,0.34072638
AurelionSol,Leona,0.75,0.75641733
Camille,Karma,0.6,0.5908777
Graves,Poppy,1.0,0.9500699
Karma,Poppy,0.41666666,0.37735492
Corki,Gragas,0.42857143,0.47202843
MonkeyKing,Taliyah,0.6666667,0.6333418
Corki,MonkeyKing,0.0,0.038773216
Corki,Taliyah,0.75,0.74855226
Bard,Taliyah,0.33333334,0.34959087
Bard,Corki,0.5,0.42261612
Aurora,Gwen,0.41666666,0.5241147
Aphelios,Gwen,0.5,0.3877019
Gragas,Gwen,0.5,0.5353951
Aurora,LeeSin,0.14285715,0.156147
Aphelios,LeeSin,0.2,0.13116378
Gragas,LeeSin,0.33333334,0.22440085
Aphelios,Aurora,0.2,0.20849873
Aurora,Gragas,0.6666667,0.68622434
Ambessa,Viego,0.5833333,0.7239686
Ambessa,Ryze,0.375,0.32926998
Alistar,Ambessa,0.42857143,0.31018683
Jhin,Viego,0.5882353,0.6284588
Jhin,Ryze,0.33333334,0.3047168
Alistar,Ryze,0.2,0.17438908
Alistar,Jhin,0.6923077,0.6545503
Aatrox,Talon,0.5,0.550201
Aatrox,Tristana,0.5555556,0.48941475
Aatrox,Nautilus,0.6666667,0.66981006
Talon,Tristana,0.44444445,0.60515666
Nautilus,Talon,0.375,0.44157216
Tristana,Vex,0.5,0.518854
Nautilus,Tristana,0.61538464,0.7176837
Ezreal,Gragas,0.2857143,0.09606076
Gragas,Rell,0.5,0.4744938
Ezreal,Pantheon,0.4347826,0.246329
Ezreal,Katarina,0.0,0.014724054
Corki,Tryndamere,0.33333334,0.3169624
KSante,Viego,0.5,0.48819068
Corki,Viego,0.41666666,0.5027356
Pyke,Viego,0.33333334,0.14432226
Corki,KSante,0.4,0.46421567
Corki,Pyke,0.5714286,0.5038726
RekSai,Tristana,0.75,0.68795544
Qiyana,Tristana,0.75,0.72837
Elise,Tristana,0.625,0.6005105
Jhin,Kennen,0.4,0.33483198
Kennen,Rell,0.5,0.5141466
Jhin,Taliyah,0.71428573,0.6802596
Jhin,Yasuo,0.5,0.4421432
Rell,Yasuo,0.42857143,0.45125356
Jhin,Rell,0.33333334,0.44399184
Vi,Vladimir,0.36363637,0.38271537
Orianna,Vladimir,0.33333334,0.36646333
Corki,Vladimir,0.5,0.5950234
Alistar,Vladimir,0.5714286,0.5115688
Orianna,Vi,1.0,0.8663595
Corki,Vi,0.6666667,0.59932625
Alistar,Orianna,0.71428573,0.70421714
Alistar,Corki,0.5882353,0.64473575
Cassiopeia,LeeSin,0.33333334,0.29347262
LeeSin,Lulu,0.5714286,0.5743794
Corki,LeeSin,0.5,0.4719883
Corki,Lulu,0.5,0.56310904
Corki,Nami,0.0,0.034868643
Caitlyn,Viego,0.4,0.43922362
Azir,FiddleSticks,1.0,0.92413723
Aurora,Jayce,0.8333333,0.75001264
Corki,Jayce,0.5882353,0.49132684
Aurora,Corki,0.6666667,0.50088406
Alistar,Aurora,0.42857143,0.43172204
Aatrox,Karthus,0.0,0.15215844
Aatrox,Hwei,0.5,0.4729618
Aatrox,Rell,0.25,0.26921192
Karthus,Tristana,0.5714286,0.65977436
Karthus,Rell,0.33333334,0.32167682
Hwei,Tristana,0.0,0.18213342
Rell,Tristana,0.26666668,0.4260014
Ashe,Nocturne,0.75,0.81680155
Ashe,Taliyah,0.71428573,0.6976231
Braum,Taliyah,0.6,0.59339327
Ashe,Braum,0.5,0.5110606
Azir,Fiora,0.5,0.49145332
Corki,Fiora,0.4,0.36937344
Fiora,Pantheon,0.6,0.6004586
Pantheon,Vi,0.71428573,0.5428296
Azir,Corki,0.33333334,0.38022688
Azir,Pantheon,0.6666667,0.71520185
Corki,Pantheon,0.5,0.5918036
Ambessa,Gwen,0.61538464,0.66009855
Ambessa,Aphelios,0.5714286,0.4901737
Corki,Gwen,0.59090906,0.48269334
Aphelios,Corki,0.33333334,0.35609478
Alistar,Aphelios,0.0,0.14126754
Naafiri,Ryze,0.5,0.5139034
Ryze,Varus,0.54545456,0.42726138
Maokai,Ryze,0.6,0.48278418
Varus,Yone,0.625,0.63958895
Maokai,Varus,0.75,0.7066895
Diana,Vi,0.6666667,0.59896666
Diana,Kaisa,0.8,0.7066368
Ashe,KSante,0.6666667,0.70559186
Braum,KSante,0.25,0.3476524
Ashe,Mel,0.2,0.30863878
Hecarim,Lulu,0.8333333,0.9558528
Jinx,Lulu,0.42857143,0.44372028
Leona,Zoe,0.6,0.51844215
Jinx,Leona,0.6666667,0.68649757
Ambessa,LeeSin,0.5,0.5392998
Ambessa,Diana,0.4,0.4164246
Ambessa,Neeko,0.57894737,0.42567962
Diana,LeeSin,0.6666667,0.6031148
Kaisa,LeeSin,0.44444445,0.4719017
LeeSin,Neeko,0.53333336,0.48238498
Kaisa,Neeko,0.4,0.51286036
Darius,Malzahar,0.0,0.01568971
Darius,Neeko,0.0,0.030175798
Jhin,Neeko,0.57894737,0.5945889
Hecarim,Jayce,1.0,0.8716315
Jayce,Xerath,0.4,0.39922985
Hecarim,Xerath,1.0,0.9424568
Ambessa,Azir,0.875,0.84612745
Ambessa,Nautilus,0.5,0.5262099
Azir,Varus,0.6363636,0.5375923
Azir,Nautilus,0.4,0.48413023
Nautilus,Varus,0.47058824,0.5756725
Elise,Yone,0.375,0.37098572
Camille,Pantheon,0.4,0.36878583
Azir,Camille,0.5,0.46835873
Camille,Kaisa,0.16666667,0.09357288
Camille,Galio,0.75,0.7680103
Kaisa,Pantheon,0.5217391,0.5576128
Galio,Pantheon,0.625,0.54969
Azir,Kaisa,0.75,0.6921358
Azir,Galio,1.0,0.9064344
Renekton,Taliyah,0.5,0.5038964
Neeko,Renekton,0.6666667,0.65958005
Hecarim,Varus,0.75,0.8783604
Hecarim,Neeko,0.6666667,0.8626459
Taliyah,Varus,0.5,0.469478
Neeko,Varus,0.47058824,0.5269897
Aatrox,Vi,0.42857143,0.46080047
Aatrox,Sylas,0.4,0.2964611
Sylas,Vi,0.6363636,0.8953584
Ezreal,Vi,0.47058824,0.6174383
Vi,Zoe,0.5555556,0.5196135
Ezreal,Zoe,0.7,0.79551625
Azir,LeeSin,0.5555556,0.42984328
Corki,Senna,0.5,0.5604191
Orianna,Tristana,0.5,0.28883594
Orianna,Talon,1.0,0.7787105
Jhin,Talon,0.71428573,0.6090824
Jhin,Orianna,0.33333334,0.29465246
Bard,Jhin,0.5833333,0.58792627
Irelia,Rumble,0.5,0.4467509
Ashe,Rumble,0.42857143,0.50272954
Mel,Rumble,0.5,0.50795704
Ashe,Irelia,0.6666667,0.681789
Irelia,Mel,0.25,0.23741958
Nocturne,Tristana,0.5,0.45729566
Nocturne,Poppy,0.75,0.75141793
Lux,Tristana,0.6666667,0.6703281
Lux,Poppy,0.33333334,0.3161078
Poppy,Tristana,0.46153846,0.45147118
MissFortune,Zac,1.0,0.8215155
Alistar,Zac,0.5,0.48460424
Taliyah,Vi,0.72727275,0.8431979
MissFortune,Taliyah,0.2857143,0.21295665
Alistar,Taliyah,0.7777778,0.7967084
Alistar,MissFortune,0.5,0.49719864
Jax,Taliyah,1.0,0.84114516
Jax,Varus,0.6,0.67012596
Varus,Volibear,0.33333334,0.3357621
Ambessa,Lulu,0.75,0.8981629
Ambessa,Lux,0.33333334,0.32816455
Graves,Lulu,0.0,0.03994196
Graves,Jhin,0.33333334,0.44310313
Ezreal,Olaf,0.75,0.76019466
Belveth,Sylas,0.33333334,0.3381363
Belveth,Ezreal,0.5,0.49308538
Irelia,Tristana,0.6666667,0.751387
Irelia,Pantheon,0.5714286,0.51596403
Anivia,Tristana,0.75,0.7369081
Anivia,Pantheon,0.33333334,0.35322735
Pantheon,Tristana,0.42857143,0.4574371
Jayce,Pantheon,0.64705884,0.8178524
Jayce,Rakan,0.5,0.42909122
Pantheon,Xerath,0.5,0.45675895
Pantheon,Rakan,0.33333334,0.47352073
Corki,Rakan,0.375,0.31817466
Rumble,Yone,0.5,0.4014043
Ashe,Yone,0.33333334,0.19067869
Seraphine,Yone,0.33333334,0.34000033
Ashe,Seraphine,0.6,0.59938055
Kindred,Rumble,0.2,0.26263183
Galio,Rumble,0.8333333,0.745721
Karma,Rumble,0.36363637,0.35313484
Galio,Kindred,0.45454547,0.48233593
Ezreal,Kindred,1.0,0.8724362
Karma,Kindred,0.5,0.53830594
Ezreal,Galio,0.5833333,0.6660371
Jax,Vi,0.0,0.2767919
Jax,Pyke,0.33333334,0.093153104
Pyke,Vi,0.46666667,0.45665944
Ahri,Pyke,0.5,0.49496093
Kaisa,Pyke,0.26086956,0.2507972
Fiora,Tristana,0.6,0.43121392
Tristana,Zyra,0.33333334,0.3506549
Alistar,Zyra,0.75,0.7135379
Alistar,Sivir,0.4,0.41271368
Aurora,Gnar,0.2,0.2649365
Gnar,Kaisa,0.8333333,0.7705844
Gnar,Pantheon,0.25,0.31860566
Aurora,Rengar,0.5,0.51814264
Kaisa,Rengar,0.6,0.653585
Pantheon,Rengar,0.33333334,0.18701294
Aurora,Kaisa,0.35714287,0.42601982
Aurora,Pantheon,0.375,0.35773975
Jayce,Zoe,0.6666667,0.6400885
Belveth,Corki,0.33333334,0.34748048
Alistar,Belveth,0.0,0.08082689
Corki,Zoe,0.42857143,0.48608416
Alistar,Zoe,0.25,0.1912872
Rengar,Varus,1.0,0.9393947
Akali,Varus,0.72727275,0.8338349
Akali,Rengar,0.2,0.12636589
Akali,Thresh,1.0,0.9355794
Jinx,Thresh,0.5,0.47732517
Ambessa,Gragas,1.0,0.84161437
Gragas,Kaisa,0.8333333,0.8148787
Gragas,Leona,0.6666667,0.73602
Ambessa,Zyra,0.42857143,0.48883745
Kaisa,Zyra,0.33333334,0.25735512
Leona,Zyra,0.33333334,0.39192107
Ambessa,Leona,0.5714286,0.6341164
Galio,Jayce,0.61538464,0.70885223
Jayce,Ziggs,0.75,0.82883954
Galio,Pyke,0.2,0.2688192
Jayce,Vladimir,0.2,0.22964656
Ezreal,Jayce,0.6666667,0.5071771
Bard,Jayce,0.25,0.20283261
Viego,Vladimir,0.5,0.5598319
Bard,Viego,0.0,0.1478867
Ezreal,Vladimir,0.18181819,0.19695742
Bard,Vladimir,0.0,0.15943253
Bard,Ezreal,0.5555556,0.5362482
Irelia,Sylas,0.2,0.28231272
Irelia,Karma,0.33333334,0.38795716
Sylas,XinZhao,1.0,0.9873374
Karma,XinZhao,0.5,0.5121332
Mel,Sylas,0.6666667,0.6931169
Karma,Mel,0.8333333,0.78179675
Ezreal,Rengar,0.71428573,0.75895387
Aurora,Ezreal,0.7777778,0.74855536
Gwen,Zyra,0.0,0.11126035
Ashe,Gwen,0.54545456,0.44422677
Corki,Zyra,0.22222222,0.2037693
Braum,Zyra,0.6666667,0.65863454
Gwen,Viego,0.6,0.44154054
AurelionSol,Gwen,0.33333334,0.33065885
Gwen,Senna,0.75,0.67807335
Senna,Viego,0.5625,0.50544804
Jax,LeeSin,0.5,0.47340286
Aurora,Jax,0.2,0.13195416
Alistar,Jax,0.2,0.21353874
Kalista,LeeSin,0.6,0.5739718
Alistar,LeeSin,0.36363637,0.27310908
Alistar,Kalista,0.0,0.07948077
KSante,Zyra,0.71428573,0.6391389
Ezreal,KSante,0.5,0.5634416
KSante,Senna,0.5,0.43061042
Ezreal,Zyra,0.78571427,0.9842486
Senna,Zyra,0.5,0.47135654
Corki,Ezreal,0.8333333,0.7203591
Nidalee,Viego,0.33333334,0.2088596
Azir,Nidalee,0.75,0.7502843
Jhin,Nidalee,0.75,0.58073467
Leona,Viego,0.6666667,0.58306193
Azir,Jhin,0.68421054,0.61783135
Jhin,Leona,0.42857143,0.27779385
Fiora,RekSai,0.75,0.7808229
Fiora,Zoe,0.5,0.52746063
Fiora,Poppy,0.5,0.49613845
RekSai,Zoe,0.75,0.6860579
Poppy,RekSai,0.6,0.6016618
Tristana,Zoe,0.6666667,0.75796515
Poppy,Zoe,1.0,0.9294043
Gwen,Pyke,0.45454547,0.43255538
Kaisa,Sejuani,0.33333334,0.20333034
Pyke,Sejuani,0.33333334,0.36385176
Fiora,Galio,0.5,0.52743524
Fiora,Leona,0.6666667,0.78065616
Galio,Viego,0.61538464,0.73225707
Galio,Tristana,0.6,0.6073782
Leona,Tristana,0.25,0.294194
Jayce,Taliyah,0.5555556,0.43236765
Kaisa,Taliyah,0.33333334,0.22245426
Pyke,Taliyah,0.42857143,0.3664436
Ambessa,Rell,0.5,0.37874514
Jhin,Rengar,0.25,0.3815193
Cassiopeia,Jhin,0.0,0.07940797
Cassiopeia,Rell,0.5,0.47452396
Ezreal,Renekton,1.0,0.8870539
Ornn,Viego,0.33333334,0.33748028
Ornn,Senna,0.5,0.50158334
MissFortune,Viego,0.5,0.43833977
Galio,MissFortune,0.5,0.41545022
MissFortune,Senna,0.33333334,0.3534302
Aurora,Sylas,0.8,0.85178494
Aurora,Kindred,0.5,0.5245774
Aurora,Pyke,0.25,0.2638448
Ezreal,Pyke,0.8333333,0.88488376
Nocturne,Zed,0.33333334,0.34253985
Ahri,Nocturne,0.5,0.50080013
Ahri,Zed,0.5,0.47694305
Tristana,Zed,0.0,0.23821552
Pyke,Zed,0.2,0.27035928
Ahri,Tristana,0.42857143,0.48818284
Jayce,Neeko,0.6111111,0.3830258
Neeko,Vi,0.5,0.6169298
Nocturne,Orianna,0.5714286,0.6539007
Nocturne,Senna,0.25,0.30410114
Orianna,Senna,0.33333334,0.32332283
Jayce,Lulu,0.5,0.5023124
Naafiri,Vladimir,0.33333334,0.23967281
Naafiri,Zeri,0.6666667,0.7493999
Lulu,Naafiri,0.8333333,0.84972274
Lulu,Vladimir,0.75,0.7300257
Lulu,Zeri,0.625,0.5548455
Jayce,Ryze,0.42857143,0.32627124
Ryze,Vi,0.5555556,0.55771005
Pyke,Ryze,0.6666667,0.6526142
Azir,Rumble,0.5,0.61517686
Ashe,LeeSin,0.5,0.46645555
Karma,LeeSin,0.5263158,0.65613437
Ashe,Azir,0.6666667,0.7380741
Azir,Karma,0.5,0.4553384
Ashe,Karma,0.5,0.44980472
FiddleSticks,Jayce,0.33333334,0.30931318
Jayce,Varus,0.5263158,0.60563797
Corki,FiddleSticks,0.625,0.6199424
FiddleSticks,Varus,0.75,0.7407488
Rakan,Varus,0.5,0.5603295
KSante,Vladimir,0.75,0.6990741
Jhin,KSante,0.33333334,0.32539767
Alistar,KSante,1.0,0.9352341
Jhin,Zyra,0.4,0.49434084
Jhin,Vladimir,0.75,0.65831757
Jayce,Karma,0.5,0.4768474
Ahri,Viego,0.33333334,0.44360378
Ashe,Viego,0.4,0.4268401
Karma,Viego,0.4375,0.33877635
Ahri,Ashe,0.33333334,0.37003005
Ahri,Karma,0.5555556,0.55024034
Azir,KSante,0.25,0.35133022
KSante,Neeko,0.16666667,0.23478766
Jayce,LeeSin,0.5714286,0.44503996
Jayce,Kalista,0.4,0.39271876
Aurora,Senna,0.6,0.7438998
Kalista,Senna,0.6666667,0.6528806
Ambessa,Darius,0.0,0.20608822
Ambessa,Vladimir,0.42857143,0.32095745
Ambessa,Karma,0.4117647,0.5006249
Darius,Vladimir,0.0,0.028639533
Darius,Ezreal,0.5,0.5329453
Karma,Vladimir,0.14285715,0.16021459
Jayce,Qiyana,0.4,0.453585
Elise,Pantheon,0.5,0.59867316
Ashe,Pantheon,0.6666667,0.6176742
Ambessa,Zoe,0.6666667,0.6157456
Ambessa,Taliyah,0.5,0.58464897
MissFortune,Zoe,0.6666667,0.5992733
Taliyah,Zoe,0.6666667,0.62264603
Fiora,LeeSin,0.75,0.9120518
LeeSin,Zoe,0.8,0.7188342
LeeSin,Smolder,0.6666667,0.6684273
Kennen,Poppy,0.33333334,0.35761312
Lillia,Zed,0.2,0.28248587
Jhin,Lillia,0.5555556,0.46750227
Lillia,Poppy,0.6,0.5374423
Jhin,Zed,0.125,0.09250144
Poppy,Zed,0.8,0.7315374
Jhin,Poppy,0.30769232,0.27120423
Jhin,Senna,0.85714287,0.6811683
Galio,Nautilus,0.5,0.55725765
Naafiri,Zoe,0.2,0.31596887
MissFortune,Naafiri,0.4,0.3113036
Naafiri,Nautilus,0.47058824,0.51847833
MissFortune,Nautilus,0.33333334,0.29264507
Rumble,Varus,0.27272728,0.33225557
Kindred,Varus,0.375,0.4665444
Varus,Zoe,0.2,0.28671604
TahmKench,Varus,0.25,0.24848379
Gwen,Vi,0.60714287,0.57340217
Gwen,Mel,0.33333334,0.4351426
Mel,Vi,0.6666667,0.7475249
Galio,Gangplank,0.4,0.40258354
Gangplank,Neeko,0.5,0.5273025
Kindred,Neeko,0.6666667,0.70607305
Galio,Jinx,0.5,0.5181499
Galio,Neeko,0.5555556,0.53633237
Jhin,Warwick,0.8,0.75306755
Irelia,Jhin,0.5,0.510668
Rengar,Rumble,0.6666667,0.5813386
Fiora,Rell,0.42857143,0.5465601
Akali,Rell,0.33333334,0.41211146
Gangplank,Karma,0.5,0.51979816
Jhin,Pantheon,0.6666667,0.7781275
Karma,Pantheon,0.22222222,0.20882675
Aurora,Jhin,0.4,0.3723677
Aurora,Karma,0.6666667,0.5193257
Jhin,Karma,0.27272728,0.38660473
Ambessa,Irelia,0.6666667,0.7039639
Ambessa,Ashe,0.5,0.46443036
Gwen,Irelia,0.6666667,0.61526805
Gwen,Lulu,1.0,0.9154575
Ashe,Lulu,1.0,0.9172187
Lillia,Sion,0.6666667,0.7795338
Irelia,Sion,0.33333334,0.3119562
Lillia,Nautilus,0.7,0.66202897
Irelia,Nautilus,0.75,0.6429684
Ashe,Nautilus,1.0,0.79352766
Gwen,Zed,0.45454547,0.4861362
Gwen,Tristana,0.4117647,0.49296814
Gwen,Seraphine,0.25,0.24905752
Sejuani,Tristana,0.0,0.10119384
Ambessa,Lillia,0.33333334,0.3835924
Gragas,Jhin,0.5,0.5688243
Ryze,XinZhao,0.25,0.15689275
Varus,XinZhao,0.5714286,0.61794055
Leblanc,Varus,0.25,0.27044356
Naafiri,Rumble,0.16666667,0.13308953
Jinx,Rumble,0.5,0.5096636
LeeSin,Naafiri,0.0,0.2625451
Jinx,LeeSin,0.33333334,0.40783775
Karma,Naafiri,0.42857143,0.22070979
Gnar,Poppy,0.75,0.8600758
Azir,Gnar,1.0,0.9035347
Gnar,Jhin,0.5,0.44632187
Gnar,Neeko,0.75,0.6597991
Kled,Nautilus,0.6,0.5967467
Zac,Zed,0.25,0.33930814
Varus,Zac,0.6,0.47918913
Nautilus,Zac,0.33333334,0.29258695
Nautilus,Zed,0.5,0.30816668
Jayce,Mel,0.5,0.43569988
RekSai,Rell,0.8333333,0.82066226
Naafiri,Rell,0.61538464,0.6324037
Gwen,Pantheon,0.3846154,0.41003862
Gwen,Jhin,0.3846154,0.34341377
Gwen,Maokai,0.5,0.41110238
Cassiopeia,Pantheon,0.0,0.078905195
Maokai,Pantheon,0.0,0.15782255
Jayce,Viktor,1.0,0.8937868
Naafiri,Viktor,0.6,0.59418964
Leona,Naafiri,0.42857143,0.53465277
Varus,Viktor,1.0,0.9485476
Leona,Viktor,0.5,0.53144807
Leona,Varus,0.5555556,0.51263255
Cassiopeia,KSante,1.0,0.92825294
Camille,Talon,0.5,0.53868467
Anivia,Camille,0.6666667,0.6629025
Rumble,Yasuo,0.2,0.30663928
Yasuo,Zac,0.8,0.80955505
Jhin,Zac,0.2,0.26225743
Draven,Pantheon,0.25,0.16948
Azir,Draven,0.33333334,0.19231811
Draven,Thresh,0.33333334,0.35686335
Blitzcrank,Gwen,0.6666667,0.7206163
Blitzcrank,LeeSin,0.4,0.55436105
Aurora,Blitzcrank,0.6666667,0.6606844
Blitzcrank,Kaisa,0.5714286,0.5747608
Rumble,Zed,0.6,0.5596269
Kaisa,Rumble,0.4,0.4144615
Rakan,Rumble,0.5,0.51621765
Kaisa,Zed,0.7,0.6597872
Rakan,Zed,0.5,0.51414895
Ambessa,Renata,0.33333334,0.30950147
Ashe,Vi,0.5,0.47831514
Ashe,Aurora,0.625,0.5683817
Aurora,Renata,0.33333334,0.32198632
Ashe,Renata,0.0,0.047349457
Aatrox,Nidalee,0.33333334,0.48748603
Aatrox,Kaisa,0.2,0.12652837
Nidalee,Talon,0.33333334,0.37554234
Kaisa,Nidalee,0.6666667,0.62934625
Nautilus,Nidalee,0.25,0.26508734
Kaisa,Talon,0.5,0.7833015
LeeSin,Singed,0.6666667,0.65950346
Ezreal,Singed,0.5,0.5242858
LeeSin,Orianna,0.44444445,0.38476047
Ezreal,Orianna,0.72727275,0.7664499
Ezreal,Maokai,0.5,0.47046694
Kaisa,Skarner,0.75,0.7944603
Corki,Kaisa,0.2857143,0.34111515
Jayce,Nidalee,0.2857143,0.31286946
Jayce,Jhin,0.4117647,0.64633495
Jayce,Nautilus,0.3,0.33755425
Naafiri,Nidalee,0.6666667,0.70828646
Jhin,Naafiri,0.5625,0.5783926
Darius,Poppy,0.33333334,0.2796961
Azir,Darius,0.5714286,0.5663931
Poppy,Sivir,0.6666667,0.66881627
Taliyah,Vladimir,0.6666667,0.78900397
Senna,Vladimir,0.33333334,0.33501682
Ezreal,Skarner,0.33333334,0.34675366
Senna,Taliyah,0.71428573,0.67087054
Irelia,Varus,0.625,0.5515622
Jayce,Yone,0.53333336,0.52118194
Nidalee,Yone,0.3846154,0.49178332
Nidalee,Tristana,0.14285715,0.25607097
Alistar,Nidalee,0.44444445,0.4079187
Tristana,Yone,0.6666667,0.45862755
Alistar,Yone,0.22222222,0.22876117
Ezreal,Zed,0.61538464,0.56930673
Zed,Zoe,0.25,0.18955979
Gangplank,Viego,1.0,0.87654626
Gangplank,Varus,0.5714286,0.5367574
Gragas,Yone,0.33333334,0.32016784
Ashe,Gragas,0.6666667,0.6610733
Ashe,Diana,0.33333334,0.31412914
Corki,Gangplank,0.6666667,0.6403276
Corki,Nidalee,0.54545456,0.3939294
Maokai,Nidalee,1.0,0.95385563
Corki,Talon,0.5,0.6444972
Corki,Maokai,1.0,0.9833972
Naafiri,Warwick,0.33333334,0.36978704
Mel,Warwick,0.33333334,0.37052453
Karma,Warwick,0.6666667,0.63956076
Karma,Tristana,0.54545456,0.5919716
Rengar,Viktor,0.75,0.75264126
Pantheon,Viktor,0.75,0.75324106
Caitlyn,Gwen,0.33333334,0.24658048
Bard,Gwen,0.2857143,0.3664775
Caitlyn,Naafiri,0.0,0.20248957
Bard,Naafiri,0.6,0.5163304
Caitlyn,Sylas,0.0,0.22411431
Bard,Sylas,0.6666667,0.7380958
Akali,Karma,0.4,0.42505747
Varus,Vi,0.6,0.64677584
Karma,Vi,0.5,0.45036754
Ekko,Karma,0.6,0.68301207
Jayce,Khazix,0.5,0.5019834
Ashe,Sett,0.33333334,0.34842622
Gwen,Hecarim,0.33333334,0.39207017
Gwen,Rakan,0.5882353,0.48242962
Hecarim,Rakan,0.6666667,0.7488949
Gragas,Ryze,0.6666667,0.5988599
LeeSin,Ryze,0.4,0.3785327
LeeSin,Nautilus,0.5,0.55129445
Corki,Ryze,0.3,0.32914028
Nautilus,Ryze,0.4,0.49437
Rengar,Riven,0.33333334,0.36484942
Akali,Aphelios,0.0,0.033477683
Gwen,Zeri,0.75,0.6763093
Vi,Zeri,0.25,0.29477397
Rakan,Vi,0.6086956,0.5605635
Irelia,Rakan,0.8,0.7358372
Rakan,Zeri,0.5,0.5456872
Jax,Naafiri,0.0,0.09606494
Jax,Tristana,0.16666667,0.15815325
Aurora,Naafiri,0.5,0.48158887
Alistar,Naafiri,0.33333334,0.2641834
Aurora,Tristana,0.4,0.42565444
Caitlyn,Pantheon,0.6666667,0.61779463
Neeko,Pantheon,0.8333333,0.77217436
Caitlyn,Neeko,0.6666667,0.32691777
Jhin,Katarina,0.5,0.5081742
Jhin,Rakan,0.4,0.33389074
Corki,Jax,0.5,0.46353143
Jax,Maokai,0.6666667,0.80645037
Akali,Hecarim,0.75,0.69126177
Corki,Hecarim,1.0,0.8162027
Akali,Corki,0.4,0.48625508
Gwen,Leblanc,0.33333334,0.34975722
Jhin,Leblanc,0.5,0.49041057
LeeSin,Vladimir,0.25,0.21174854
Ezreal,Veigar,0.33333334,0.34635755
Aatrox,Ashe,0.5,0.59272915
Hecarim,Nautilus,0.8,0.85879296
Hwei,Nautilus,0.25,0.377946
Tristana,Vladimir,0.25,0.32576036
Caitlyn,Vladimir,0.2,0.26663226
Darius,Tristana,0.6,0.49868774
Darius,Elise,0.6,0.7021734
Caitlyn,Elise,0.16666667,0.16893634
Aurora,Galio,0.6666667,0.6840388
Galio,Rengar,0.4,0.5001373
Karma,Rengar,0.5,0.45216918
Kennen,LeeSin,0.42857143,0.46038416
LeeSin,Sivir,1.0,0.9817939
LeeSin,Rakan,0.5,0.56164163
Rakan,Zoe,0.4,0.32438955
Ezreal,Urgot,0.0,0.12668017
Ezreal,Fiora,0.3846154,0.45419744
Viego,Zac,0.0,0.12719113
Braum,Viego,0.6666667,0.6256365
Ezreal,Zac,0.375,0.50732374
Irelia,Rell,0.75,0.66111284
Malzahar,Rell,0.5,0.5068224
Ekko,Zed,0.33333334,0.36998996
Ashe,Ekko,0.33333334,0.31573477
Ashe,Zed,0.6666667,0.521475
Karma,Zed,0.75,0.62783825
Gragas,Neeko,0.5,0.54081655
Graves,Neeko,0.6666667,0.6135251
Corki,Graves,0.5,0.42360032
Corki,Neeko,0.5,0.65262866
Gwen,Talon,0.5,0.520141
Gwen,Ryze,0.16666667,0.20418751
Alistar,Talon,0.5714286,0.69107896
Rakan,Zac,0.8,0.7293601
Draven,Rengar,0.33333334,0.3915066
Rakan,Rengar,1.0,0.90477794
Diana,Rakan,0.5714286,0.6431547
Draven,Rakan,0.6666667,0.5948754
Ahri,Ambessa,0.6,0.48858452
Ekko,Neeko,0.5,0.43636447
Ahri,Ezreal,0.61538464,0.6296328
Ahri,Neeko,0.375,0.41957527
Diana,Poppy,0.5714286,0.6229915
Jhin,RekSai,0.6666667,0.7045542
Gwen,MissFortune,0.33333334,0.39563054
Elise,Gwen,0.7777778,0.7013951
Elise,Warwick,0.25,0.37995216
DrMundo,Jhin,0.6666667,0.67150825
Akali,Lulu,0.8333333,0.685655
Ambessa,Poppy,0.5882353,0.74925834
Akali,Poppy,0.75,0.7608092
MissFortune,Poppy,0.42857143,0.43489203
Diana,Yasuo,0.0,0.114839844
Viego,Yasuo,0.0,0.13258946
Rakan,Viego,0.4,0.33730257
Rakan,Yasuo,0.6666667,0.6243436
Gragas,Poppy,0.33333334,0.31841874
Poppy,Ryze,0.42857143,0.459307
Ashe,Poppy,0.8333333,0.76108843
Ambessa,Belveth,0.5,0.5164052
Rakan,Xayah,0.5625,0.5997238
Jayce,Rengar,0.71428573,0.81772006
Ezreal,Viktor,0.6666667,0.6930735
Aatrox,Gwen,0.33333334,0.3812054
Nidalee,Nocturne,1.0,0.9006414
Nocturne,Pantheon,1.0,0.90352225
Nidalee,Pantheon,1.0,0.85033065
Ashe,Nidalee,0.6666667,0.7144991
Aurora,Talon,0.5714286,0.51872927
Pantheon,XinZhao,0.75,0.7300705
Akali,Pantheon,0.4,0.4337517
Akali,XinZhao,1.0,0.92896175
Lulu,XinZhao,0.8,0.80354214
Ezreal,Jax,0.3846154,0.39480284
Braum,Jax,0.0,0.13972954
Corki,Karthus,0.5714286,0.5813544
Karthus,Nautilus,0.25,0.35105556
Corki,Qiyana,0.33333334,0.26741117
Diana,Gwen,0.33333334,0.37265623
Gwen,Varus,0.84615386,0.7339967
Diana,Kindred,0.6666667,0.6129409
Alistar,Kindred,0.75,0.73027784
Alistar,Varus,0.5714286,0.64502877
Pantheon,Zyra,0.25,0.23948123
Pantheon,Varus,0.2857143,0.24724922
Nautilus,Pantheon,0.33333334,0.4349954
Nautilus,Zyra,0.0,0.10235442
Tristana,Varus,0.33333334,0.35607207
Gwen,Nidalee,0.6,0.50406116
Gwen,Qiyana,0.6666667,0.6169257
Nidalee,Qiyana,0.6666667,0.67123765
Nidalee,Rakan,0.4,0.44008762
Jhin,LeeSin,0.4,0.252376
Camille,Ezreal,0.4,0.39578512
Camille,Neeko,0.6666667,0.79010844
Neeko,Zac,0.8,0.74497855
Neeko,Qiyana,0.33333334,0.39907706
Ambessa,Nidalee,0.64285713,0.6876843
Ambessa,Caitlyn,0.0,0.1806536
Caitlyn,Nidalee,0.33333334,0.3356244
Pantheon,Rumble,0.375,0.33940738
Lux,Rumble,0.33333334,0.3303052
Azir,Sion,0.5,0.5915181
Jinx,Vi,0.85714287,0.9009216
Lulu,Vi,0.8,0.8382655
Azir,Lulu,0.6666667,0.69198287
Ambessa,Smolder,0.6666667,0.67278916
LeeSin,Sylas,0.3529412,0.37867224
Kaisa,Sylas,0.78571427,0.7430628
Nautilus,Sylas,0.4,0.4077486
Soraka,Vi,0.5,0.5019295
Ezreal,Soraka,0.25,0.25604707
Karma,Lulu,0.6666667,0.672061
Aphelios,Lulu,0.75,0.66141266
Nidalee,Poppy,0.45454547,0.57472676
Poppy,Yone,0.3529412,0.4256923
Poppy,Xayah,0.2857143,0.33621752
Xayah,Yone,0.2857143,0.23436025
Rakan,Yone,0.4,0.5294167
Ambessa,Kalista,0.75,0.75390613
Neeko,Vladimir,0.5,0.6126051
Kalista,Neeko,0.6666667,0.6290368
KSante,Lillia,0.33333334,0.40756756
KSante,MissFortune,0.5,0.47233695
KSante,Nautilus,0.375,0.2949926
Lillia,MissFortune,0.75,0.7712803
Irelia,LeeSin,0.25,0.3021009
Irelia,Ryze,0.6,0.58815426
Alistar,Irelia,0.4,0.41760015
Sett,Viego,0.6,0.5458972
Poppy,Sett,0.6666667,0.69480354
Poppy,Sylas,0.54545456,0.47144496
KSante,Orianna,0.5,0.5250953
Orianna,Viego,0.2857143,0.27382883
Jhin,Zoe,0.4,0.4005513
Nidalee,Varus,0.54545456,0.42804524
Elise,Nidalee,0.6666667,0.64021695
Elise,Varus,0.5,0.5714513
Gwen,Tryndamere,0.6666667,0.6412897
Rell,Tryndamere,1.0,0.96452665
Gwen,Rell,0.41666666,0.36438456
Rell,Vex,0.6666667,0.60973233
Neeko,Yasuo,0.6666667,0.6069733
Gwen,TwistedFate,0.6,0.5554118
TwistedFate,Vi,0.0,0.113700815
Jhin,Vi,0.53333336,0.673856
Jhin,TwistedFate,0.5,0.58389103
Naafiri,Urgot,1.0,0.79000425
MissFortune,Sylas,0.4,0.31460902
Rell,Sylas,0.5555556,0.5364154
MissFortune,Rell,0.33333334,0.39243907
Jax,Poppy,0.25,0.3325538
Azir,Jax,0.5714286,0.58149874
Poppy,Veigar,0.6666667,0.66958725
Corki,Singed,1.0,0.98356897
Ahri,Naafiri,0.6666667,0.7070849
Ahri,Corki,0.5555556,0.5203555
Jayce,MissFortune,0.2,0.37105253
Ahri,MissFortune,0.75,0.7592623
MissFortune,Pyke,0.33333334,0.40909934
Ezreal,Leblanc,0.2857143,0.2754395
Renata,Varus,0.125,0.16326122
Draven,Renekton,1.0,0.8644835
Draven,Talon,1.0,0.9299186
Blitzcrank,Draven,1.0,0.82448006
Irelia,Naafiri,0.4,0.22253726
Irelia,Poppy,0.6,0.58894414
Aurora,Sivir,0.33333334,0.24860993
Aurora,Poppy,0.36363637,0.26319957
Rumble,Talon,0.42857143,0.25855228
Kalista,Rumble,0.0,0.08976441
Azir,Talon,0.5,0.57936555
Kalista,Renata,0.33333334,0.35022193
Jayce,Rumble,0.6666667,0.5427832
Rumble,Taliyah,0.5714286,0.4097225
Braum,Rumble,0.33333334,0.30166656
Ahri,Rakan,0.375,0.44738585
LeeSin,Pyke,0.5,0.4292642
Jhin,Pyke,0.625,0.6153714
Aurora,Skarner,0.6666667,0.66086394
Ambessa,Zac,0.42857143,0.45709226
Azir,Zac,0.6666667,0.61814594
Rell,Zac,1.0,0.8892417
Azir,Rell,0.75,0.701684
Rell,Varus,0.6363636,0.4924086
Kennen,Ryze,0.33333334,0.186758
Draven,LeeSin,0.33333334,0.43885967
Draven,Nautilus,0.22222222,0.2865033
Hwei,LeeSin,0.8,0.77019316
Hwei,Karma,0.5,0.49335954
Ambessa,Syndra,0.5,0.47927508
Syndra,Viego,0.33333334,0.38523477
Kaisa,Syndra,0.33333334,0.37127143
Rell,Syndra,0.33333334,0.29600978
DrMundo,Varus,0.5,0.4994495
Yasuo,Zyra,0.6666667,0.73375607
Varus,Yasuo,0.5,0.5880398
Lulu,Varus,0.71428573,0.66562873
Aurora,KSante,0.4,0.41000172
Caitlyn,Lux,0.2,0.16937342
Gwen,Lillia,0.5,0.63707954
Gwen,Yone,0.25,0.43903968
Gwen,Kalista,0.5,0.469998
Gwen,Nautilus,0.53846157,0.44197503
Lillia,Yone,0.41666666,0.421603
Kalista,Lillia,0.0,0.076151125
Kalista,Yone,0.0,0.08201216
Nautilus,Yone,0.36363637,0.2355656
Ezreal,Yasuo,0.25,0.36688453
Karthus,Zoe,0.33333334,0.2986947
Ezreal,Karthus,0.2857143,0.16922288
Ezreal,Janna,0.33333334,0.3410356
Ambessa,Tristana,0.23076923,0.20343025
JarvanIV,Karma,0.0,0.0069322996
Lillia,Pantheon,0.5,0.45316333
Naafiri,Pantheon,0.5714286,0.6050653
Lillia,Naafiri,0.8333333,0.8041378
Lulu,Viego,0.33333334,0.32284012
Lulu,Senna,0.6666667,0.70245993
Senna,Varus,0.5,0.553878
Anivia,Gwen,0.25,0.28432262
Gwen,Thresh,0.33333334,0.33558238
Corki,Zed,0.4,0.30893084
Anivia,Corki,0.6666667,0.59892917
Corki,Thresh,0.4,0.37917644
Galio,Lucian,0.6,0.59140944
Galio,Zilean,0.0,0.010127457
Kaisa,Riven,0.75,0.80443984
Aurora,Rakan,0.2857143,0.39077845
Rengar,Tristana,0.4,0.47297293
Tristana,Xerath,0.6666667,0.6450692
Lulu,Orianna,1.0,0.9025719
Orianna,XinZhao,0.6666667,0.8233788
Corki,XinZhao,1.0,0.9230278
Elise,Orianna,0.6666667,0.6905799
Corki,Elise,0.6666667,0.7322268
Gragas,Jayce,0.375,0.45807287
Gragas,Naafiri,0.5,0.495375
FiddleSticks,Gragas,0.0,0.10268826
Ezreal,FiddleSticks,0.6666667,0.68852675
Rengar,Sylas,0.5,0.50425136
Elise,Viego,0.5714286,0.60278046
Elise,Sylas,0.16666667,0.24855718
Ambessa,Yasuo,0.6,0.5783333
Sejuani,Yasuo,0.5,0.4830671
Kaisa,Yasuo,0.71428573,0.6854758
Gragas,Yasuo,1.0,0.92425185
Akali,KSante,0.33333334,0.34520683
KSante,Varus,0.5,0.45295662
Akali,Viego,0.6666667,0.6517466
Viktor,Yone,0.0,0.014360796
Gangplank,LeeSin,0.6666667,0.70417845
Gangplank,Rakan,0.6666667,0.6247139
Galio,LeeSin,0.6,0.91992164
LeeSin,MissFortune,0.6,0.6060869
MissFortune,Rakan,0.6666667,0.7661081
Rell,Zyra,0.0,0.072222404
Nocturne,Viktor,0.0,0.07270377
Nocturne,Rakan,0.25,0.21017458
Ashe,Viktor,0.25,0.39097217
Rakan,Viktor,0.75,0.7057841
Ashe,Rakan,0.33333334,0.33200127
Gwen,XinZhao,0.6666667,0.70468116
Akali,Gwen,0.5,0.4679175
Gragas,Talon,0.6666667,0.685765
Gragas,Karma,0.6666667,0.63601696
Karma,Talon,0.25,0.29269305
Karma,Ryze,0.0,0.22549391
Aatrox,Lillia,0.8,0.7202292
Aatrox,Senna,1.0,0.923949
Lillia,Senna,0.6666667,0.72625107
KSante,Ryze,0.6666667,0.6123257
Aatrox,Leona,0.375,0.49351847
Lillia,Tryndamere,0.6666667,0.6578418
Aatrox,Viego,0.5,0.49708572
Aatrox,Aurora,0.33333334,0.4331236
Aatrox,Karma,0.5,0.46444845
Aurora,Viego,0.47058824,0.37777156
LeeSin,Yone,0.5,0.54869515
Neeko,Yone,0.71428573,0.6795728
LeeSin,Mel,0.5714286,0.61336935
Mel,Neeko,0.33333334,0.30917323
Aatrox,Zed,0.33333334,0.36132902
Rell,Zed,0.5,0.4460896
Yone,Zac,0.6666667,0.68380547
Karma,Yone,0.71428573,0.72956324
Karma,Zac,0.6666667,0.68632126
Sett,Yone,0.25,0.2898533
Kaisa,Sett,0.33333334,0.34065807
Alistar,Sett,0.0,0.08650768
Kaisa,Yone,0.3,0.51598364
Aphelios,Jayce,0.5,0.46594897
Jayce,Thresh,1.0,0.9462755
Azir,Rengar,0.4,0.35189813
Aphelios,Thresh,0.5,0.5522924
Irelia,Nidalee,0.5,0.42899647
Corki,Irelia,0.4,0.35496813
Aphelios,Orianna,0.33333334,0.38265297
Akali,Talon,0.4,0.4042045
Darius,Rakan,0.25,0.23361057
Ezreal,Nidalee,0.6111111,0.5733759
Ezreal,Irelia,0.5,0.4953472
Gnar,Tristana,0.6666667,0.69745654
Gnar,Karma,0.6,0.655776
Tristana,XinZhao,0.6666667,0.83550847
Karma,Swain,0.6666667,0.66426665
Leblanc,Tristana,0.0,0.01469534
Leblanc,Rakan,0.0,0.04133318
Rakan,Tristana,0.54545456,0.49567175
KSante,Rengar,0.33333334,0.29233852
KSante,Viktor,0.33333334,0.28529137
Alistar,Viktor,0.5,0.5109474
Alistar,AurelionSol,1.0,0.9738184
Ezreal,XinZhao,0.375,0.37599242
Poppy,XinZhao,0.33333334,0.37169418
Ezreal,Mel,0.25,0.28906745
Mel,Poppy,0.75,0.828102
Kaisa,Nocturne,0.875,0.6768721
Elise,Ezreal,0.5714286,0.5256984
Zac,Zoe,0.33333334,0.39220092
Pyke,Warwick,0.6666667,0.6237353
Ambessa,Ziggs,1.0,0.99352854
Ambessa,Pyke,0.2857143,0.45062804
Azir,Pyke,1.0,0.8113363
Aphelios,Vladimir,0.0,0.08134064
Nautilus,Vladimir,0.75,0.6371318
Darius,Nautilus,0.16666667,0.09299943
Nautilus,Orianna,0.5,0.47373545
Aphelios,Nautilus,0.5,0.40512833
Ahri,Rumble,0.5,0.46354824
Rumble,Tristana,0.33333334,0.3974699
Neeko,Rumble,0.16666667,0.2165027
Neeko,Tristana,0.6,0.78251344
Nidalee,Sylas,0.5,0.57802796
Leona,Sylas,0.6666667,0.7318153
Anivia,LeeSin,0.42857143,0.42154714
Anivia,MissFortune,0.0,0.112005144
Aurora,Nautilus,0.6,0.6309661
Corki,Nocturne,0.75,0.8511359
Elise,Nocturne,1.0,0.89420015
Corki,Renekton,0.6666667,0.65749913
Corki,Lillia,0.6666667,0.62024045
Draven,KSante,0.6666667,0.57224154
Akali,Draven,0.5,0.4550825
Gwen,MonkeyKing,0.2,0.16100703
MonkeyKing,Sylas,0.25,0.29490542
Ezreal,MonkeyKing,0.6666667,0.6443056
MonkeyKing,Rell,0.33333334,0.28920615
KSante,Vi,0.33333334,0.23011473
Braum,Kaisa,0.0,0.17545909
Hecarim,Kennen,1.0,0.854082
Fiora,Sejuani,0.2,0.18647173
Fiora,Sylas,0.5,0.4759003
Elise,Fiora,0.6,0.56732386
Elise,Kaisa,0.8333333,0.76830417
Karma,Nidalee,0.33333334,0.3389696
Taliyah,Yone,0.0,0.2200358
MissFortune,Yone,0.33333334,0.19235744
Lulu,Yone,0.2,0.13205
Taliyah,Viego,0.33333334,0.36075416
Lulu,Taliyah,0.6666667,0.6563123
Taliyah,Talon,0.6,0.41727775
Ashe,Talon,0.5,0.4795989
Elise,Talon,1.0,0.93072814
Ambessa,Kennen,0.25,0.20733829
Nautilus,Poppy,0.6666667,0.586469
Rell,Talon,0.42857143,0.39696023
Orianna,Rell,0.25,0.32807994
Aurora,Nocturne,0.5714286,0.6310525
Jhin,Nocturne,0.71428573,0.75246125
Leblanc,LeeSin,0.375,0.37985164
LeeSin,Varus,0.4375,0.341806
LeeSin,Pantheon,0.6,0.6146888
Poppy,Vi,0.6666667,0.70936453
Ahri,Poppy,0.0,0.11848521
Kaisa,Poppy,0.45454547,0.45550326
Blitzcrank,Vi,0.75,0.61631364
Sylas,Vladimir,0.33333334,0.32220685
Sylas,Xayah,0.33333334,0.37082288
Alistar,Xayah,0.5,0.4592431
Lillia,Tristana,0.7,0.7104952
Lillia,Rell,0.4,0.45673516
Jayce,Zyra,0.7777778,0.80703914
Jayce,Lucian,0.75,0.7323523
Lucian,Zyra,1.0,0.9622209
Alistar,Lucian,0.6666667,0.5948746
Karma,Taliyah,0.0,0.11310604
Caitlyn,Karma,0.2,0.034652296
Camille,Jhin,0.5,0.54708743
Azir,XinZhao,0.25,0.2727904
Jhin,XinZhao,0.33333334,0.21907587
Ambessa,Kindred,0.6666667,0.6161008
Kaisa,Ryze,0.25,0.42578688
Ambessa,MonkeyKing,0.5,0.4821415
Karma,MonkeyKing,0.0,0.1260342
Anivia,Gragas,0.0,0.0154187875
Gragas,Varus,0.0,0.14560226
Anivia,Varus,0.4,0.43670368
Gwen,Nocturne,1.0,0.9434603
Gwen,Xerath,0.6666667,0.7106115
Gwen,Poppy,0.53846157,0.60857254
Kaisa,Xerath,0.33333334,0.34668517
Ekko,Gwen,0.6666667,0.69230974
Ekko,Elise,1.0,0.902625
Elise,Jhin,0.5555556,0.52140856
Ezreal,MasterYi,0.33333334,0.34277242
Ezreal,Nautilus,0.5,0.4582287
FiddleSticks,Rumble,0.6666667,0.6625146
FiddleSticks,Talon,0.5,0.53904605
FiddleSticks,Jhin,0.4,0.43484306
Ambessa,Karthus,0.5,0.5587002
Ambessa,Jayce,0.71428573,0.6509899
Ambessa,Senna,0.41666666,0.17918147
Jayce,Karthus,0.53846157,0.38917583
Karthus,Senna,0.6,0.49773732
Jayce,Kindred,0.5,0.5575103
Kindred,Mel,0.25,0.252552
Syndra,Vi,0.5,0.44950604
Ezreal,Syndra,0.25,0.35885188
MissFortune,Rumble,0.42857143,0.5593607
Rell,Rumble,0.5555556,0.49995804
MissFortune,Yasuo,0.75,0.6916175
Ahri,Vladimir,0.33333334,0.3624739
Ahri,Hecarim,0.75,0.82791656
Ahri,Alistar,0.6666667,0.6167577
Ashe,Fiora,0.4,0.53644395
Gwen,Neeko,0.35714287,0.47298327
Sylas,Zed,0.6666667,0.6473727
Neeko,Zed,0.6,0.6717475
Sylas,Varus,0.6,0.6319838
Neeko,Sylas,0.6,0.5681426
Aurora,Kennen,0.33333334,0.37853295
LeeSin,Poppy,0.35714287,0.35593387
Azir,Gragas,0.33333334,0.38443652
Elise,Gragas,0.5,0.4473719
Azir,Elise,0.75,0.8893005
Jayce,Lillia,0.41666666,0.5633261
Rakan,Taliyah,0.5714286,0.78607666
Neeko,Nidalee,0.5,0.5134024
Naafiri,Neeko,0.36363637,0.55079144
Cassiopeia,Draven,0.6666667,0.65909475
Draven,Taliyah,0.25,0.26588535
Draven,Rell,0.33333334,0.31158742
LeeSin,Renata,0.0,0.07060345
Camille,Varus,0.6666667,0.6101489
Camille,Nautilus,0.25,0.17667328
Aurora,Belveth,0.6666667,0.6549036
Draven,Poppy,0.85714287,0.84434915
Draven,Vi,0.2,0.27891758
Thresh,Vi,0.33333334,0.31126025
Olaf,Tristana,0.6666667,0.7219198
Nautilus,Xerath,0.6666667,0.665587
Aurora,Vayne,0.33333334,0.34655407
Zed,Zyra,0.8333333,0.7973378
Gwen,Hwei,0.6,0.7343274
Gwen,Xayah,0.54545456,0.579823
LeeSin,Xayah,0.33333334,0.34362563
Hwei,Rakan,0.75,0.76371187
Jax,Pantheon,0.0,0.08417571
Pantheon,Zac,0.33333334,0.23180024
Pantheon,Zoe,0.0,0.06866781
Draven,Gangplank,0.6666667,0.6722261
Ahri,Talon,1.0,0.94143254
MissFortune,Talon,0.6666667,0.6039786
Ahri,Elise,0.5,0.5366816
Jhin,Mel,0.0,0.13062836
Poppy,Rumble,0.25,0.22962211
Poppy,Talon,0.0,0.066356115
Yone,Zyra,0.375,0.48170227
Irelia,Neeko,0.2,0.3260386
Galio,Gwen,0.5555556,0.57172906
Galio,Vi,0.6,0.5622141
Corki,Galio,0.5,0.61228883
Lulu,Olaf,0.33333334,0.34415507
Lulu,Tristana,0.36363637,0.45851445
Fiora,Nidalee,0.6,0.4866378
Fiora,Zed,0.4,0.32854503
Nidalee,Zed,0.4,0.32160068
Alistar,Zed,0.25,0.16781713
Aatrox,Taliyah,0.33333334,0.34022698
Kaisa,Tristana,0.0,0.27183852
Taliyah,Tristana,0.33333334,0.2752506
Gnar,Sylas,0.5,0.5293297
Nautilus,Renekton,0.4,0.41177452
Nautilus,Taliyah,0.4,0.42357612
Naafiri,Taliyah,0.6666667,0.60594165
Aphelios,Naafiri,0.0,0.211164
Kaisa,Urgot,0.4,0.4230973
Ezreal,Kled,0.6666667,0.673817
Singed,Viego,0.33333334,0.3356299
Maokai,Viego,0.6,0.7275759
Jayce,Yasuo,0.6,0.6967194
Karthus,Lucian,0.33333334,0.081981435
Galio,Karthus,0.75,0.6725442
Galio,Yasuo,0.6666667,0.6438303
Gangplank,Yone,0.0,0.09938092
Pyke,Yone,0.2,0.1879933
Kennen,Vi,0.6666667,0.7284049
Kaisa,Kennen,0.6,0.5442245
Kennen,Senna,1.0,0.97371364
Senna,Vi,0.61538464,0.6030937
Pantheon,Senna,0.75,0.6560005
Kaisa,Senna,0.6,0.570272
Aphelios,Hecarim,0.6,0.64466435
Aphelios,Neeko,0.16666667,0.09085405
Nocturne,Vi,0.8,0.76249355
Hwei,Kaisa,0.6666667,0.5751099
Elise,Jax,0.6666667,0.57177645
LeeSin,TwistedFate,0.6,0.6004424
TwistedFate,Varus,0.375,0.34080958
Pyke,TwistedFate,0.0,0.13274719
Elise,Zed,0.33333334,0.34601346
LeeSin,Warwick,0.6666667,0.6555582
Elise,Rumble,0.0,0.12375975
Braum,Tristana,0.33333334,0.38578677
Corki,Rumble,0.5714286,0.6493232
Alistar,Rumble,0.42857143,0.48656514
Corki,Vex,1.0,0.91995645
Jax,Ryze,0.5,0.43881837
LeeSin,Rell,0.44444445,0.48509195
Ryze,Zeri,0.4,0.4112067
Ambessa,RekSai,0.6666667,0.7538534
RekSai,Taliyah,0.5,0.45766503
Kaisa,RekSai,0.4,0.40570605
Nautilus,RekSai,0.5,0.5018978
Gnar,LeeSin,0.2,0.20180726
Ezreal,Gnar,0.5,0.5356654
Poppy,Vladimir,0.4,0.4129873
Ambessa,Draven,0.6666667,0.6862547
Draven,Lillia,0.75,0.7277375
Aatrox,Draven,0.5,0.42862457
Aatrox,Elise,1.0,0.9203156
Azir,Tristana,0.6666667,0.69650155
Ahri,Fiora,0.33333334,0.3476671
Fiora,Neeko,0.16666667,0.22733448
Lucian,Vi,0.0,0.07789535
Ahri,Lucian,0.33333334,0.34813985
Lucian,Neeko,0.33333334,0.2135454
Urgot,Varus,0.6666667,0.70436996
Pyke,Urgot,1.0,0.9016858
Karthus,Varus,0.8,0.8522828
Karthus,Pyke,1.0,0.85028386
Lulu,Rakan,0.6666667,0.94981873
Rakan,Ziggs,0.25,0.24992733
Nautilus,Riven,0.4,0.4215886
Darius,Draven,0.33333334,0.38391876
Aurora,Ryze,0.33333334,0.12779236
Blitzcrank,Ryze,0.25,0.33184823
Aurora,Jinx,1.0,0.9637471
Blitzcrank,Jinx,0.5,0.5503825
Lulu,Neeko,1.0,0.8807447
KSante,Poppy,0.6,0.5835176
Nautilus,Urgot,0.0,0.20792723
Jhin,Sion,0.6666667,0.6748432
Alistar,Sion,0.6,0.57486963
Alistar,Lillia,0.5,0.5160994
Ahri,Jhin,0.625,0.5958895
Kaisa,Renekton,0.5,0.6029019
Renekton,Senna,0.33333334,0.35189703
Ahri,Senna,0.4,0.32152244
Pantheon,Sylas,0.33333334,0.5231865
MissFortune,Neeko,0.6,0.5367576
Ambessa,Zeri,0.6666667,0.577239
Garen,Lulu,0.6666667,0.6612486
Galio,Lulu,0.8,0.86168045
Kennen,XinZhao,1.0,0.8653429
Corki,Kennen,0.6666667,0.7239386
Ahri,XinZhao,0.6,0.54662687
Ahri,Leona,0.8333333,0.87070096
Corki,Leona,0.5,0.5924521
Ezreal,Gangplank,0.8333333,0.7840054
Irelia,Senna,0.6,0.74190706
Senna,XinZhao,0.6666667,0.725969
Ryze,Senna,0.4,0.437643
Camille,Lillia,0.33333334,0.39354643
Galio,Jhin,0.6666667,0.6395892
Kindred,Poppy,0.2857143,0.2886719
Kindred,Renekton,0.33333334,0.40074426
Renekton,Tristana,0.33333334,0.30150405
Ryze,Tristana,0.5714286,0.5321628
Nautilus,Yasuo,0.25,0.22271849
Ezreal,RekSai,0.75,0.77123165
Diana,Ezreal,0.6666667,0.70305616
Gnar,Vi,0.625,0.6098972
Elise,Gnar,0.75,0.7516747
Tristana,Vi,0.5555556,0.64737874
Ambessa,Leblanc,0.25,0.27703288
Leblanc,Leona,0.33333334,0.29247886
Diana,Nautilus,0.33333334,0.27923235
Ezreal,Kennen,0.6666667,0.647941
Braum,Viktor,0.6666667,0.66961807
Azir,RekSai,1.0,0.9646032
Galio,Poppy,0.2,0.25529173
Jinx,Poppy,0.8,0.68236333
Rumble,Vi,0.61538464,0.67600083
Rumble,Ryze,0.25,0.16656908
Sejuani,Yone,0.42857143,0.42391413
Corki,Yone,0.42857143,0.47449884
Gwen,Sivir,0.5,0.5159913
Fiora,Naafiri,0.5555556,0.5489401
Nidalee,Rell,0.42857143,0.423116
Jayce,Xayah,0.8,0.8264379
Neeko,Rengar,0.25,0.35840836
Neeko,Xayah,0.6666667,0.7307384
Leona,Zed,0.6,0.5179731
Alistar,Gangplank,0.6666667,0.6750183
Poppy,Rengar,0.6,0.56809604
Draven,Gwen,0.5714286,0.49408036
Draven,Naafiri,0.42857143,0.41429344
Corki,Olaf,0.33333334,0.34135738
FiddleSticks,Gwen,0.2,0.25359052
Aatrox,Azir,0.75,0.9554798
Darius,Yone,0.0,0.058625057
Alistar,Darius,0.5,0.41684717
Aurora,Braum,0.6666667,0.69888026
Camille,Lucian,0.33333334,0.4143141
Lucian,Nami,0.25,0.24854723
Gragas,Tristana,0.33333334,0.2551737
Ezreal,Tristana,0.6666667,0.60025704
Senna,Tristana,0.75,0.7933175
Ahri,Varus,0.5555556,0.57716054
Ezreal,Lucian,0.33333334,0.40054807
Jhin,MasterYi,0.33333334,0.338493
Pantheon,Ryze,1.0,0.85536784
Kaisa,MasterYi,1.0,0.9776458
Karma,Orianna,0.5,0.51286227
Gnar,Rakan,0.6666667,0.68193233
Nautilus,Rumble,0.5,0.49764615
Karma,Zeri,0.33333334,0.35834014
Aurora,Rell,0.6666667,0.73675513
Kaisa,Karma,0.6666667,0.54199344
FiddleSticks,Tristana,0.5714286,0.5616105
Blitzcrank,Tristana,0.33333334,0.3041686
Kaisa,Kindred,0.75,0.6571398
Alistar,Riven,0.6666667,0.6511842
Sivir,Viego,0.2,0.2595721
Ahri,Sivir,0.0,0.090865396
Neeko,Ryze,1.0,0.8871237
Ekko,Jayce,0.25,0.27785727
Ekko,Tristana,0.6666667,0.6807159
Ashe,Tristana,0.25,0.32769865
Aatrox,Corki,0.5,0.33196804
Aatrox,Pyke,0.4,0.35455728
Corki,Darius,0.6,0.512144
Ambessa,Pantheon,0.5625,0.6358856
Alistar,Renekton,1.0,0.90382844
Ambessa,Jinx,0.6666667,0.793953
Ambessa,Thresh,0.5,0.48996216
MissFortune,Ryze,1.0,0.8553951
Ahri,LeeSin,0.5714286,0.56120753
Ahri,Jinx,0.6666667,0.6334206
Teemo,Vi,0.0,0.011890985
Naafiri,Vi,0.33333334,0.32742593
Cassiopeia,Poppy,0.5,0.50318
Cassiopeia,Ezreal,0.75,0.8051479
Riven,Vi,1.0,0.95292765
Galio,Nocturne,0.6666667,0.768936
Nocturne,Rell,0.8,0.64723265
Galio,Rell,1.0,0.8979954
Karthus,Renekton,0.6666667,0.7158762
Karthus,Naafiri,1.0,0.95383114
Corki,Rengar,0.6666667,0.6451211
Orianna,Varus,0.5,0.5442719
Orianna,Rakan,0.4,0.4120016
Leblanc,Vladimir,0.0,0.07227382
Leblanc,Vi,0.6666667,0.67181975
Leblanc,Senna,0.6666667,0.6774303
Karma,TwistedFate,0.8,0.7768297
Lucian,Zac,0.6666667,0.7039021
Tristana,Zac,0.5714286,0.54304063
Akali,Alistar,0.6,0.61419815
Gwen,Yasuo,0.6666667,0.50834584
Talon,Viktor,0.0,0.045677733
Poppy,Zac,0.5,0.4960671
Lucian,Poppy,0.6666667,0.5751119
Rell,Yone,0.0,0.12707397
Soraka,Tristana,0.33333334,0.34402776
LeeSin,Tristana,0.7692308,0.7842015
Diana,Tristana,0.25,0.2686746
Lillia,Varus,0.2,0.21852313
Jhin,Kindred,0.6,0.6793363
Pantheon,TwistedFate,1.0,0.8813495
Corki,Rell,0.44444445,0.5549524
Sion,Viktor,0.33333334,0.37452793
Vladimir,Warwick,0.33333334,0.31791312
Varus,Warwick,0.6666667,0.65355504
Varus,Vladimir,0.6666667,0.5507525
Aatrox,Caitlyn,0.33333334,0.34564218
Braum,Orianna,1.0,0.905887
Sion,Viego,0.33333334,0.35239002
Blitzcrank,Viego,0.33333334,0.34257394
Kaisa,Lissandra,0.33333334,0.33344877
Kaisa,Maokai,0.2,0.17894399
Gangplank,Vi,0.5,0.4668701
Lissandra,Rakan,0.33333334,0.34606218
Aphelios,Vi,0.6,0.59940386
Graves,Sylas,0.33333334,0.38028646
Pantheon,Poppy,0.25,0.28370664
Poppy,Taliyah,0.6666667,0.9527426
Pantheon,Taliyah,0.33333334,0.414037
MissFortune,Pantheon,0.4,0.46887213
Gnar,Ryze,0.2,0.31988424
Leona,Ryze,0.33333334,0.41576502
Irelia,Zac,0.33333334,0.36024162
Alistar,Hwei,0.6666667,0.7263108
Akali,Rakan,0.0,0.12749884
Lucian,Vladimir,0.33333334,0.37832105
Aurora,Lulu,0.33333334,0.39010984
Karthus,Sett,0.0,0.07953908
Alistar,Karthus,0.2,0.2462927
KSante,Yone,0.6666667,0.65540874
KSante,Karma,0.6666667,0.6619213
Ezreal,Lillia,0.71428573,0.6203468
Karma,Lillia,0.33333334,0.25721812
Karma,Sejuani,0.5,0.4753387
Hecarim,Ryze,0.75,0.67379105
Ezreal,Hecarim,0.33333334,0.44458917
Hecarim,Karma,0.33333334,0.44137368
Sylas,Tryndamere,1.0,0.9885279
Nocturne,Varus,0.25,0.3491371
Lucian,Pantheon,0.6666667,0.6307214
Caitlyn,Poppy,0.33333334,0.3479583
Ambessa,Viktor,0.33333334,0.27253667
Rumble,Viktor,0.33333334,0.31717983
Vi,Yone,0.6,0.5478537
Neeko,Warwick,1.0,0.92339563
Naafiri,TwistedFate,0.6666667,0.6790112
Corki,Hwei,0.6666667,0.7762687
Hwei,Pantheon,0.5,0.47021514
Azir,Gwen,0.71428573,0.68307126
Pantheon,Pyke,0.25,0.34190947
Nocturne,Viego,0.0,0.1768113
Neeko,Nocturne,0.4,0.36613902
Ahri,Camille,0.6666667,0.6858321
Ashe,Camille,0.6666667,0.69273925
Alistar,Ekko,0.2,0.2086451
Karma,Zyra,1.0,0.8184039
Ambessa,Braum,0.4,0.32547346
Gragas,Vi,0.75,0.8213021
Ashe,Senna,0.5,0.4555558
Aurora,Rumble,0.0,0.17704481
Rumble,Zeri,0.0,0.16569105
Aurora,Zeri,0.0,0.107915424
Gwen,RekSai,0.25,0.38994056
Gwen,Lissandra,0.5,0.495275
Lissandra,Neeko,0.0,0.027887398
Ezreal,Graves,0.6666667,0.7503672
Ambessa,Lucian,0.5,0.46416706
Karthus,Yone,0.5,0.5827731
Braum,LeeSin,0.6666667,0.64293796
Braum,Ryze,0.6666667,0.6220697
Vi,Xayah,1.0,0.8716116
Azir,Xayah,0.75,0.7358667
Azir,Rakan,0.6,0.51929694
Aurora,Neeko,0.2857143,0.21414702
Qiyana,Renekton,0.6666667,0.67109305
Renekton,Zeri,0.75,0.8101668
Lulu,Renekton,0.5,0.5274496
Graves,Jayce,1.0,0.8247676
Jayce,TwistedFate,0.6666667,0.7191603
Ambessa,Talon,0.33333334,0.4362205
Blitzcrank,Corki,0.0,0.12224319
Jayce,Lissandra,0.33333334,0.33861837
Irelia,Talon,0.5,0.5163509
Talon,Varus,0.75,0.6851942
Alistar,Galio,0.6666667,0.65423954
Alistar,Azir,0.71428573,0.67396903
Zac,Zeri,0.33333334,0.3105819
Kaisa,Zac,0.54545456,0.5456814
Pantheon,Zeri,0.33333334,0.3969281
Rakan,XinZhao,0.6,0.6064611
Pantheon,Yone,0.0,0.097684465
Azir,Naafiri,0.33333334,0.26754797
Jayce,XinZhao,0.0,0.08256343
Kaisa,Sion,0.42857143,0.46558133
Gwen,Sion,0.5,0.45649117
Rumble,Xayah,0.6666667,0.6556644
Rakan,Vladimir,0.33333334,0.32384023
Jinx,Qiyana,0.33333334,0.33462632
Qiyana,Rell,0.33333334,0.26498035
Jinx,Rell,0.33333334,0.37281257
Corki,Tristana,0.6666667,0.6973419
Corki,Karma,0.42857143,0.29937682
Caitlyn,LeeSin,0.33333334,0.311245
LeeSin,Lux,0.33333334,0.3560849
FiddleSticks,Vi,1.0,0.9361518
Karma,Neeko,0.0,0.21137884
Gnar,Zac,0.6666667,0.6190117
Sylas,Zac,0.6666667,0.6572184
Ahri,Sejuani,0.6666667,0.6832568
Jinx,Sejuani,0.6666667,0.69440776
Pyke,Zac,0.4,0.442597
Fiora,Gwen,0.6,0.6260031
Fiora,Zeri,0.6666667,0.58656776
Ahri,Gwen,0.8,0.8063728
Ahri,Zeri,0.33333334,0.3076709
Darius,Sylas,0.33333334,0.33853143
Sylas,Zeri,0.33333334,0.35657772
Rengar,Vladimir,0.33333334,0.3589549
Orianna,Rengar,0.33333334,0.38088962
Draven,Orianna,0.33333334,0.32734257
Blitzcrank,Gragas,0.6666667,0.6801935
Darius,Kaisa,0.0,0.11419217
Ezreal,Sion,0.5,0.50261426
Irelia,Kaisa,0.2,0.19443892
Graves,Tristana,0.5,0.5542243
Graves,Nautilus,0.33333334,0.3047832
Akshan,Taliyah,0.6666667,0.663693
Gragas,Qiyana,0.33333334,0.24304456
Pantheon,Sett,0.6,0.6036709
Sett,Zoe,0.0,0.040326502
Braum,Pantheon,0.4,0.34369597
Rumble,Viego,0.5714286,0.68421584
Braum,Varus,0.875,0.7870617
Jinx,Karthus,0.33333334,0.34030417
Braum,Galio,0.6666667,0.5643836
Braum,Jinx,0.8,0.77770734
Galio,Zeri,0.75,0.630802
Orianna,Poppy,0.6,0.5125916
Jayce,Orianna,0.25,0.3639302
Gwen,Rengar,0.25,0.25381416
Ryze,Zac,0.0,0.10345475
Corki,Zac,0.5,0.5656397
Darius,Leona,0.33333334,0.33499515
Ahri,Kalista,0.5,0.45412087
Ezreal,Ivern,0.0,0.0123536
Lillia,Lucian,0.33333334,0.38567942
Riven,Viego,1.0,0.94743997
Corki,Riven,1.0,0.85652596
Tryndamere,Zyra,1.0,0.9950637
Draven,Galio,0.6666667,0.7424809
Ahri,RekSai,0.75,0.69774413
Neeko,Talon,0.33333334,0.080169424
Braum,Talon,0.33333334,0.35161892
Jayce,Zed,0.25,0.42265382
Jax,Jhin,0.33333334,0.36658168
MasterYi,Sylas,0.6666667,0.6727154
Draven,Renata,0.6666667,0.6495811
Kaisa,Orianna,0.5714286,0.5475976
Aphelios,Galio,0.33333334,0.34165525
Anivia,Pyke,0.25,0.2890707
Vi,Viktor,0.75,0.84362406
Fiora,Varus,0.5,0.4267782
Fiora,Karma,0.125,0.16818903
Irelia,Yasuo,0.33333334,0.45658967
Fiora,Rakan,0.5,0.5564034
Diana,MissFortune,0.33333334,0.37218696
Ashe,Sylas,0.2,0.32754776
Braum,Nidalee,0.33333334,0.4070802
Fiora,Taliyah,0.6,0.554024
Leona,Vi,0.5714286,0.83850646
Galio,Hecarim,1.0,0.95551854
Hecarim,Zeri,1.0,0.93072206
Nidalee,Senna,0.6666667,0.83545184
Leblanc,Naafiri,0.6666667,0.64686406
Aurora,XinZhao,0.25,0.22167419
Kennen,Varus,0.8,0.81781363
Irelia,Karthus,0.33333334,0.35664132
Ahri,FiddleSticks,0.33333334,0.3541196
Kaisa,Viktor,0.75,0.78816396
Ashe,Galio,0.5,0.51881796
Pantheon,Vladimir,0.6,0.622446
Jinx,Pantheon,0.5,0.37334043
Braum,Vladimir,0.75,0.87974244
Alistar,Gnar,0.25,0.27497324
Karthus,Rengar,0.6666667,0.5802359
Aurora,Draven,0.2,0.35390106
Karma,Karthus,0.33333334,0.29868323
Ahri,KSante,0.33333334,0.24708089
Hecarim,Rumble,1.0,0.8064891
Hecarim,Kaisa,1.0,0.9154276
Akali,Nautilus,0.5,0.47863147
Karthus,Leona,0.0,0.16344403
Kaisa,Karthus,0.6666667,0.6429395
Kennen,Zyra,0.33333334,0.35599965
Lillia,Neeko,0.0,0.17174304
Fiora,Kalista,0.33333334,0.43574467
Kalista,Viego,0.6666667,0.639424
Neeko,Sion,0.8,0.77110153
Akshan,Nidalee,0.6666667,0.6705621
LeeSin,Viktor,0.33333334,0.25093576
Gragas,Rengar,0.6666667,0.7244988
Fiora,Lillia,0.6666667,0.6563721
Akali,Naafiri,0.25,0.28029
LeeSin,Syndra,0.75,0.6908429
Mel,Pantheon,0.33333334,0.3942288
Tristana,Tryndamere,0.33333334,0.35649854
Hecarim,Jhin,0.33333334,0.39947003
Jayce,Poppy,0.54545456,0.61030537
Orianna,Pantheon,0.6666667,0.59839475
Kindred,Vladimir,0.6666667,0.5979521
Kindred,Renata,0.0,0.0988063
Alistar,Anivia,0.6666667,0.6716736
Ahri,Pantheon,0.2857143,0.2426684
Ambessa,KSante,0.33333334,0.22893858
Viego,Zeri,0.75,0.9725814
Anivia,Poppy,0.4,0.38741046
Graves,Zoe,1.0,0.87014097
Orianna,Sion,0.6666667,0.6573917
Rakan,Sion,0.33333334,0.34331658
Bard,Vi,1.0,0.8132732
Camille,Mel,0.33333334,0.33224252
Aatrox,Jhin,0.71428573,0.61450845
Braum,Kindred,0.6666667,0.7678468
Jax,Nautilus,0.33333334,0.35404193
Vi,Ziggs,0.6666667,0.6961095
Rell,Smolder,0.75,0.74513876
Karthus,Poppy,0.25,0.30127797
Viego,Xayah,0.6666667,0.69758904
Sion,Zoe,0.6666667,0.64769834
Neeko,Zoe,0.5,0.39062864
Kennen,Viego,0.6,0.60029066
Ezreal,Volibear,1.0,0.9816585
Kaisa,Vladimir,0.75,0.5315815
Braum,Sylas,1.0,0.71901196
Aatrox,Varus,0.0,0.14611618
TwistedFate,Viego,0.33333334,0.36062366
Ezreal,Tryndamere,0.6666667,0.72106415
Alistar,Tryndamere,1.0,0.94072324
MissFortune,Nocturne,0.5,0.5869671
MissFortune,Zed,0.33333334,0.4625544
Ekko,KSante,0.6666667,0.6395831
KSante,Leona,1.0,0.8082951
Ahri,Kindred,0.6666667,0.6469551
Kindred,Leona,1.0,0.91719145
Camille,Taliyah,0.0,0.113785036
Ezreal,Malzahar,0.25,0.25465614
Jayce,Zac,0.8333333,0.7954602
Mel,Viego,0.0,0.09402635
Karthus,Neeko,0.6666667,0.6413555
MissFortune,Vladimir,0.0,0.20664333
Elise,LeeSin,0.8,0.7803202
Ahri,Braum,0.6666667,0.6917206
Jax,Lillia,0.5,0.39670515
Viego,Viktor,1.0,0.9199499
Aatrox,Rakan,0.6666667,0.69328254
Renekton,Sylas,0.33333334,0.35662675
Khazix,Tristana,1.0,0.99445915
Tristana,TwistedFate,0.8,0.74943095
Orianna,Riven,0.6666667,0.69121224
Orianna,Pyke,0.33333334,0.3385135
Fiora,Jhin,0.25,0.24764676
Pantheon,Viego,0.6666667,0.65253234
Camille,Tristana,0.33333334,0.20813093
Diana,Naafiri,0.6666667,0.7258579
Anivia,Yone,0.0,0.11990195
Darius,Galio,0.6666667,0.55991596
Irelia,Taliyah,0.33333334,0.3475885
Ezreal,Malphite,0.6666667,0.67135423
Rakan,Sylas,0.6666667,0.6138333
Ambessa,FiddleSticks,0.33333334,0.34251636
Gnar,Nautilus,1.0,0.8984332
Ahri,Nautilus,0.875,0.82571614
Kaisa,Kled,0.6666667,0.6649235
Gnar,Rell,0.25,0.28281558
Aatrox,Orianna,0.6666667,0.71248215
Poppy,Sejuani,0.33333334,0.28636265
Anivia,Rakan,0.5,0.46377367
Azir,Irelia,0.25,0.29531607
Anivia,Senna,0.33333334,0.35705373
Hwei,XinZhao,0.6666667,0.65006196
Gragas,MissFortune,1.0,0.9045678
Elise,KSante,0.25,0.24631608
Bard,Nidalee,0.6666667,0.67484194
Ezreal,TahmKench,0.0,0.013866935
Ekko,Kaisa,0.5,0.4871919
Aurora,RekSai,0.25,0.24244659
Singed,Vi,0.6666667,0.670503
Singed,Varus,0.33333334,0.33304858
Annie,Viego,0.6666667,0.6756906
Aatrox,LeeSin,0.5,0.49378645
Gangplank,Hecarim,1.0,0.93803924
Ambessa,XinZhao,1.0,0.8417779
Gragas,Sylas,0.75,0.77234894
Leona,MissFortune,0.6666667,0.60027623
Karthus,Rakan,0.75,0.72664714
Jhin,Riven,0.75,0.82544893
Corki,Poppy,0.75,0.62878186
Vi,Warwick,0.6666667,0.72641295
Lulu,Nautilus,0.6666667,0.689121
Alistar,Pantheon,0.33333334,0.36025178
Aatrox,Ahri,0.6666667,0.6797596
Karthus,Pantheon,0.2,0.25671116
Lulu,Rengar,1.0,0.9737916
Singed,Tristana,0.6666667,0.67169493
Fiora,Talon,0.75,0.7133107
TwistedFate,Zac,0.6666667,0.6884223
Jhin,Renekton,0.75,0.78872204
Lillia,Yasuo,1.0,0.85821956
Karthus,Zed,0.25,0.30484313
Aatrox,Neeko,1.0,0.6811262
Ahri,Riven,0.6666667,0.64814144
Nautilus,XinZhao,0.4,0.55621153
Elise,Poppy,0.0,0.08225395
Diana,Rell,0.25,0.30869973
Jhin,Urgot,0.33333334,0.39360946
Kaisa,Qiyana,0.5,0.49677724
Jax,TahmKench,0.33333334,0.34169084
Nautilus,Viktor,1.0,0.91607285
Fiora,Xayah,0.6666667,0.66047525
Gwen,Sett,0.6666667,0.6723664
Hwei,Viego,0.5,0.47423208
Aatrox,MissFortune,0.33333334,0.36228967
Jax,Leona,0.6666667,0.5240815
Jinx,Viego,0.6666667,0.6316372
Jhin,Yorick,0.6666667,0.66978836
Azir,Hecarim,0.33333334,0.34441546
Lillia,Pyke,0.75,0.80161047
Rell,Renekton,0.33333334,0.28489223
Kaisa,Lillia,1.0,0.85820055
Ashe,Neeko,0.0,0.1920849
Hecarim,Rell,1.0,0.97453636
Camille,Pyke,0.0,0.024386829
Belveth,Kaisa,0.33333334,0.3165205
Karma,Sion,0.0,0.02357779
Gnar,Nidalee,0.33333334,0.36713204
Corki,Gnar,0.0,0.09466981
Aurora,Sion,0.6666667,0.6482002
Jax,Lucian,1.0,0.8661072
Naafiri,Sion,0.33333334,0.33025223
Ezreal,Yorick,0.6666667,0.6781931
