match_id,game_date,game_duration,blue_top,blue_jungle,blue_mid,blue_adc,blue_support,red_top,red_jungle,red_mid,red_adc,red_support,winner
KR_7571681247,2025-03-23 17:05:27.552,15.87,Ambessa,Vi,Aurora,MissFortune,Elise,Poppy,Viego,Azir,Ezreal,Neeko,Blue
KR_7571647391,2025-03-23 16:18:17.604,30.3,Jayce,Vi,Azir,Caitlyn,Braum,Fiora,XinZhao,Viktor,Draven,Pyke,Red
KR_7571553795,2025-03-23 15:00:11.440,25.73,Aatrox,Naafiri,Xerath,Ezreal,Poppy,Vayne,Gwen,Jayce,Kaisa,Leona,Red
KR_7571508665,2025-03-23 14:27:56.995,26.68,Akali,RekSai,Hwei,Zeri,Neeko,Gwen,Shaco,Sylas,Ezreal,Karma,Blue
KR_7571411934,2025-03-23 13:34:31.628,33.35,Jayce,Vi,Ahri,Kaisa,Rell,Ryze,Talon,TwistedFate,Ezreal,Rakan,Blue
KR_7564453360,2025-03-17 17:07:06.133,38.22,Yone,Viego,Ryze,Draven,Sylas,Chogath,Nocturne,Azir,Ezreal,Leona,Red
KR_7571690056,2025-03-23 17:16:38.904,18.95,Rumble,Ezreal,Jhin,Hwei,Sylas,Fiora,Viego,Ekko,Lucian,Nautilus,Red
KR_7570317409,2025-03-22 19:06:19.200,23.93,Varus,Ekko,Naafiri,Ornn,Poppy,Nasus,Lillia,Irelia,Zeri,Leona,Red
KR_7570143462,2025-03-22 16:07:05.006,23.07,Jayce,Maokai,Azir,Caitlyn,Senna,Fiora,Vi,Vex,Kaisa,Alistar,Red
KR_7567509009,2025-03-20 16:29:30.202,24.37,KSante,XinZhao,Mel,Kaisa,Zoe,Teemo,Naafiri,Yone,Ezreal,Senna,Blue
KR_7567292226,2025-03-20 13:40:33.730,44.03,Olaf,RekSai,Galio,Varus,Karma,Akali,Sejuani,Sylas,Jhin,Lux,Blue
KR_7568684897,2025-03-21 16:34:55.528,18.98,Gwen,Sejuani,Naafiri,Ezreal,Braum,Akali,Vi,Ambessa,Kaisa,Janna,Blue
KR_7568627863,2025-03-21 15:54:42.694,26.73,Jayce,Sejuani,Naafiri,Ashe,Elise,Anivia,Talon,Lucian,Ziggs,Bard,Red
KR_7568577019,2025-03-21 15:19:48.961,23.15,Jayce,Ivern,Sylas,Draven,Pyke,Ambessa,JarvanIV,Akali,Ezreal,Anivia,Blue
KR_7571718905,2025-03-23 18:32:03.482,34.1,Gwen,Sejuani,Smolder,Ezreal,Alistar,Ambessa,Naafiri,Galio,Kaisa,Rakan,Blue
KR_7571703286,2025-03-23 17:44:36.240,25.77,Camille,Khazix,Draven,Leblanc,Gragas,Ambessa,Zed,Aurora,Varus,Bard,Blue
KR_7568770728,2025-03-21 18:01:12.822,36.87,Gnar,Naafiri,Mel,Varus,Pyke,DrMundo,Vi,Anivia,Kaisa,Nautilus,Blue
KR_7568709807,2025-03-21 16:54:21.280,34.07,Rumble,RekSai,Akali,LeeSin,Senna,KSante,Naafiri,Tristana,Ziggs,Pyke,Red
KR_7568674976,2025-03-21 16:27:33.275,17.83,Gwen,LeeSin,Taliyah,Ezreal,Leona,Jax,Viego,Zoe,Kaisa,Rell,Red
KR_7563429724,2025-03-16 17:09:43.614000,22.07,Renekton,Zyra,Viego,Varus,Poppy,Ambessa,Ekko,Yone,Jhin,Maokai,Red
KR_7563413334,2025-03-16 16:39:13.709000,16.07,Jayce,Viego,Sylas,Tristana,Alistar,Zeri,Ekko,Taliyah,Ezreal,Rell,Blue
KR_7563387443,2025-03-16 16:11:12.596000,15.23,Sejuani,Ekko,Corki,Jhin,Nautilus,Olaf,Darius,Syndra,Varus,Karma,Blue
KR_7571667403,2025-03-23 16:43:16.735000,19.77,Ambessa,Naafiri,Orianna,Corki,Sylas,Maokai,XinZhao,Yone,AurelionSol,Leona,Blue
KR_7571619943,2025-03-23 15:58:02.932000,36.03,Camille,Graves,Karma,AurelionSol,Poppy,Gragas,MonkeyKing,Taliyah,Corki,Bard,Blue
KR_7566431765,2025-03-19 15:35:44.457000,33.82,Gwen,LeeSin,Aurora,Aphelios,Gragas,Ambessa,Viego,Ryze,Jhin,Alistar,Red
KR_7568994493,2025-03-22 03:16:48.680000,27.77,Aatrox,Talon,Vex,Tristana,Nautilus,Gragas,Pantheon,Katarina,Ezreal,Rell,Blue
KR_7568967039,2025-03-22 02:38:41.410000,25.28,Tryndamere,Viego,KSante,Corki,Pyke,Akali,RekSai,Qiyana,Tristana,Elise,Red
KR_7569447924,2025-03-22 09:30:38.808000,15.67,Kennen,Taliyah,Yasuo,Jhin,Rell,Vladimir,Vi,Orianna,Corki,Alistar,Red
KR_7568111631,2025-03-21 10:57:45.113000,22.35,Cassiopeia,LeeSin,Lulu,Corki,Nami,Malphite,Viego,Azir,Caitlyn,FiddleSticks,Red
KR_7565216112,2025-03-18 13:18:02.269000,15.23,Jayce,Vi,Aurora,Corki,Alistar,Aatrox,Karthus,Hwei,Tristana,Rell,Blue
KR_7571356362,2025-03-23 13:01:06.026000,25.52,Nocturne,MonkeyKing,Taliyah,Ashe,Braum,Fiora,Vi,Azir,Corki,Pantheon,Blue
KR_7570641718,2025-03-23 05:28:04.203000,27.67,Ambessa,Gwen,Corki,Aphelios,Alistar,Ryze,Naafiri,Yone,Varus,Maokai,Red
KR_7562075491,2025-03-15 22:48:53.279000,29.28,Fiora,Vi,Diana,Kaisa,Lux,KSante,Hecarim,Mel,Ashe,Braum,Blue
KR_7562061961,2025-03-15 21:53:37.643000,25.53,Lulu,Hecarim,Zoe,Jinx,Leona,Ambessa,LeeSin,Diana,Kaisa,Neeko,Red
KR_7562041794,2025-03-15 20:15:54.799000,32.53,Ornn,Darius,Malzahar,Jhin,Neeko,Jayce,Hecarim,Xerath,Swain,Senna,Red
KR_7561985736,2025-03-15 18:18:30.892000,1.78,Ambessa,Viego,Azir,Varus,Nautilus,Camille,Hecarim,Yone,Sivir,Elise,Blue
KR_7553892434,2025-03-08 22:58:31.802000,23.78,Camille,Pantheon,Azir,Kaisa,Galio,Renekton,Hecarim,Taliyah,Varus,Neeko,Blue
KR_7564418996,2025-03-17 16:23:37.624000,27.0,Aatrox,Vi,Sylas,Ezreal,Zoe,Camille,LeeSin,Azir,Corki,Senna,Red
KR_7564384955,2025-03-17 15:44:45.009000,29.93,Tristana,Talon,Orianna,Jhin,Bard,Rumble,JarvanIV,Irelia,Ashe,Mel,Blue
KR_7564371220,2025-03-17 15:24:06.790000,15.5,Aatrox,Nocturne,Lux,Tristana,Poppy,Zac,Vi,Taliyah,MissFortune,Alistar,Red
KR_7564312884,2025-03-17 14:44:03.689000,22.17,Jax,Volibear,Taliyah,Varus,Bard,Ambessa,Graves,Lulu,Jhin,Lux,Blue
KR_7558001298,2025-03-12 13:37:18.627000,28.75,Olaf,Belveth,Sylas,Ezreal,Karma,Irelia,Nunu,Anivia,Tristana,Pantheon,Red
KR_7557227498,2025-03-11 16:27:32.258000,29.53,Jayce,Pantheon,Xerath,Corki,Rakan,Rumble,Volibear,Yone,Ashe,Seraphine,Red
KR_7557205075,2025-03-11 15:55:02.144000,22.05,Rumble,Kindred,Galio,Ezreal,Karma,Jax,Vi,Ahri,Kaisa,Pyke,Blue
KR_7556278216,2025-03-10 17:48:00.987000,23.13,Fiora,Zyra,Tristana,Sivir,Alistar,Gnar,Rengar,Aurora,Kaisa,Pantheon,Blue
KR_7556215847,2025-03-10 16:12:52.443000,38.25,Jayce,Belveth,Zoe,Corki,Alistar,Varus,Rengar,Akali,Jinx,Thresh,Red
KR_7570234988,2025-03-22 17:21:50.648000,15.73,Gragas,Zyra,Ambessa,Kaisa,Leona,Jayce,Naafiri,Galio,Ziggs,Pyke,Blue
KR_7569426799,2025-03-22 09:13:55.491000,28.07,Jayce,Viego,Vladimir,Ezreal,Bard,Irelia,XinZhao,Sylas,Mel,Karma,Red
KR_7569362546,2025-03-22 08:25:27.431000,23.12,Ambessa,Rengar,Aurora,Ezreal,Bard,Gwen,Zyra,Corki,Ashe,Braum,Blue
KR_7565230807,2025-03-18 13:30:23.696000,23.17,Gwen,Viego,AurelionSol,Corki,Senna,Jax,LeeSin,Aurora,Kalista,Alistar,Blue
KR_7565180243,2025-03-18 12:58:00.645000,18.83,KSante,Zyra,Corki,Ezreal,Senna,Nidalee,Viego,Azir,Jhin,Leona,Red
KR_7568527375,2025-03-21 14:54:31.666000,20.42,Fiora,RekSai,Zoe,Tristana,Poppy,Gwen,Sejuani,Jayce,Kaisa,Pyke,Blue
KR_7568485026,2025-03-21 14:31:51.406000,15.38,Fiora,Viego,Galio,Tristana,Leona,Jayce,Vi,Taliyah,Kaisa,Pyke,Blue
KR_7570325132,2025-03-22 19:19:46.257000,26.53,Ambessa,Rengar,Cassiopeia,Jhin,Rell,Renekton,Talon,Swain,Ezreal,Rakan,Red
KR_7568585616,2025-03-21 15:27:39.036000,30.47,Ornn,Viego,Galio,MissFortune,Senna,Sylas,Kindred,Aurora,Ezreal,Pyke,Red
KR_7568500906,2025-03-21 14:42:59.464000,24.35,Nocturne,Zed,Ahri,Tristana,Pyke,Jayce,Vi,Azir,Kaisa,Neeko,Red
KR_7565930490,2025-03-19 09:22:21.946000,20.77,Nocturne,RekSai,Orianna,Heimerdinger,Senna,Jayce,Naafiri,Vladimir,Zeri,Lulu,Red
KR_7561994981,2025-03-15 18:35:14.053000,33.58,Jayce,Vi,Ryze,Ezreal,Pyke,Rumble,LeeSin,Azir,Ashe,Karma,Blue
KR_7561955888,2025-03-15 17:43:41.387000,40.43,Jayce,FiddleSticks,Corki,Varus,Rakan,KSante,Zyra,Vladimir,Jhin,Alistar,Red
KR_7561938433,2025-03-15 17:22:17.097000,2.27,Jayce,Viego,Ahri,Ashe,Karma,KSante,LeeSin,Azir,Ezreal,Neeko,Blue
KR_7561898924,2025-03-15 16:51:43.328000,15.5,Jayce,LeeSin,Aurora,Kalista,Senna,Ambessa,Darius,Vladimir,Ezreal,Karma,Blue
KR_7568601106,2025-03-21 15:33:02.373000,15.28,Jayce,Elise,Qiyana,Ashe,Pantheon,Ambessa,Vi,Zoe,MissFortune,Taliyah,Red
KR_7567554202,2025-03-20 17:37:52.830000,16.1,Fiora,LeeSin,Zoe,Smolder,Skarner,Kennen,Lillia,Zed,Jhin,Poppy,Blue
KR_7567538378,2025-03-20 17:14:50.452000,16.45,Rumble,Sejuani,Azir,Jhin,Senna,Galio,Naafiri,Zoe,MissFortune,Nautilus,Blue
KR_7567517347,2025-03-20 16:43:06.617000,15.62,Rumble,Kindred,Zoe,Varus,TahmKench,Gwen,Vi,Mel,Corki,Pyke,Red
KR_7569539808,2025-03-22 10:37:13.863000,20.37,Gangplank,Kindred,Galio,Jinx,Neeko,Warwick,Sejuani,Irelia,Jhin,Bard,Red
KR_7569474157,2025-03-22 09:43:46.769000,29.05,Rumble,Rengar,Irelia,Twitch,Skarner,Fiora,Belveth,Akali,Tristana,Rell,Blue
KR_7567704711,2025-03-21 02:59:52.606000,28.9,Gangplank,Pantheon,Aurora,Jhin,Karma,Ambessa,Gwen,Irelia,Ashe,Lulu,Red
KR_7566894999,2025-03-20 08:28:13.158000,23.22,Sion,Lillia,Irelia,Ashe,Nautilus,Gwen,Sejuani,Zed,Tristana,Seraphine,Blue
KR_7566851406,2025-03-20 07:32:42.992000,34.17,Ambessa,Lillia,Irelia,Jhin,Gragas,Ornn,XinZhao,Ryze,Varus,Leblanc,Blue
KR_7567418004,2025-03-20 15:03:28.577000,21.23,Rumble,LeeSin,Naafiri,Jinx,Karma,Gnar,Poppy,Azir,Jhin,Neeko,Red
KR_7567375892,2025-03-20 14:40:31.603000,15.85,Kled,Zac,Zed,Varus,Nautilus,Jayce,RekSai,Naafiri,Mel,Rell,Red
KR_7567313474,2025-03-20 13:56:35.897000,33.72,Gwen,Pantheon,Cassiopeia,Jhin,Maokai,Jayce,Naafiri,Viktor,Varus,Leona,Red
KR_7567213465,2025-03-20 12:58:03.720000,20.43,KSante,Talon,Cassiopeia,Anivia,Camille,Rumble,Zac,Yasuo,Jhin,Bard,Blue
KR_7567151488,2025-03-20 12:19:36.103000,15.4,Pantheon,Sejuani,Azir,Draven,Thresh,Gwen,LeeSin,Aurora,Kaisa,Blitzcrank,Red
KR_7566532496,2025-03-19 17:51:05.014000,16.65,Rumble,Zed,Galio,Kaisa,Rakan,Ambessa,Vi,Aurora,Ashe,Renata,Blue
KR_7565780090,2025-03-19 06:31:41.238000,27.13,Aatrox,Nidalee,Talon,Kaisa,Nautilus,Singed,LeeSin,Orianna,Ezreal,Maokai,Red
KR_7565756596,2025-03-19 06:03:44.332000,15.27,Gwen,Skarner,Corki,Kaisa,Alistar,Jayce,Nidalee,Naafiri,Jhin,Nautilus,Blue
KR_7565725918,2025-03-19 05:25:14.175000,29.5,Darius,Poppy,Azir,Sivir,FiddleSticks,Vladimir,Skarner,Taliyah,Ezreal,Senna,Blue
KR_7565704608,2025-03-19 04:51:50.211000,24.27,Irelia,Graves,Viktor,Varus,FiddleSticks,Jayce,Nidalee,Yone,Tristana,Alistar,Blue
KR_7570904088,2025-03-23 08:23:21.701000,40.75,Illaoi,Zed,Azir,Ezreal,Zoe,Gangplank,Viego,Galio,Varus,Karma,Red
KR_7570813903,2025-03-23 07:29:52.856000,15.2,Gragas,Diana,Yone,Ashe,Seraphine,Gangplank,Nidalee,Talon,Corki,Maokai,Red
KR_7570752369,2025-03-23 06:44:58.372000,28.22,Warwick,Naafiri,Mel,Tristana,Karma,Rengar,Ekko,Viktor,Samira,Pantheon,Blue
KR_7570718020,2025-03-23 06:17:31.487000,17.18,Gwen,Naafiri,Sylas,Caitlyn,Bard,Akali,Vi,Ekko,Varus,Karma,Red
KR_7570614646,2025-03-23 05:05:22.138000,31.53,Gangplank,Viego,Katarina,Kaisa,Nautilus,Jayce,Khazix,Kennen,Ashe,Renata,Blue
KR_7571778596,2025-03-23 23:19:50.769000,20.88,Sett,JarvanIV,Diana,Ashe,Seraphine,Gwen,Hecarim,Vex,Caitlyn,Rakan,Blue
KR_7571362267,2025-03-23 13:04:21.123000,18.32,Gragas,LeeSin,Ryze,Corki,Nautilus,Riven,Rengar,Akali,Aphelios,Leblanc,Blue
KR_7569829324,2025-03-22 13:23:49.076000,28.58,Gwen,Vi,Irelia,Zeri,Rakan,Jax,Naafiri,Aurora,Tristana,Alistar,Blue
KR_7567762760,2025-03-21 04:46:52.183000,22.73,Jayce,Pantheon,Viktor,Caitlyn,Neeko,Quinn,Belveth,Katarina,Jhin,Rakan,Blue
KR_7566772393,2025-03-20 05:46:54.235000,19.95,Jax,Hecarim,Akali,Corki,Maokai,Gwen,Viego,Leblanc,Jhin,Bard,Blue
KR_7561192183,2025-03-15 10:10:40.619000,30.2,Vladimir,LeeSin,Veigar,Ezreal,Alistar,Aatrox,Hecarim,Hwei,Ashe,Nautilus,Red
KR_7561131552,2025-03-15 09:28:06.642000,25.83,Vladimir,Darius,Tristana,Caitlyn,Elise,Aurora,Rengar,Galio,Ezreal,Karma,Red
KR_7557947282,2025-03-12 13:05:58.275000,26.13,Kennen,LeeSin,Zoe,Sivir,Rakan,Urgot,Viego,Ekko,Ezreal,Leona,Blue
KR_7555613729,2025-03-10 08:11:48.340000,33.57,Fiora,Viego,Zac,Ezreal,Braum,Irelia,RekSai,Malzahar,Zeri,Rell,Red
KR_7554503794,2025-03-09 09:14:37.508000,15.38,Rumble,Ekko,Zed,Ashe,Karma,Gragas,Graves,Neeko,Corki,Nami,Blue
KR_7571033489,2025-03-23 09:52:35.186000,24.38,Gwen,Talon,Ryze,Corki,Alistar,Zac,Rengar,Diana,Draven,Rakan,Red
KR_7570650434,2025-03-23 05:31:56.769000,28.22,Ambessa,Ekko,Ahri,Ezreal,Neeko,Poppy,RekSai,Diana,Jhin,Lux,Red
KR_7568026793,2025-03-21 09:43:49.886000,27.6,Gwen,Warwick,Mel,MissFortune,Elise,Kennen,DrMundo,Yone,Jhin,Swain,Red
KR_7568007104,2025-03-21 09:19:04.381000,15.88,Lulu,Ambessa,Akali,MissFortune,Poppy,Diana,Viego,KSante,Yasuo,Rakan,Blue
KR_7567970918,2025-03-21 08:50:05.366000,20.22,Gragas,Poppy,Ryze,Ashe,Maokai,Ambessa,Belveth,Diana,Xayah,Rakan,Blue
KR_7570216228,2025-03-22 16:57:40.514000,25.23,Jayce,Rengar,Viktor,Ezreal,Karma,Aatrox,Gwen,Ambessa,Kaisa,Yuumi,Blue
KR_7567248635,2025-03-20 13:18:16.043000,28.2,Nocturne,Nidalee,Pantheon,Ashe,Thresh,Jax,Talon,Aurora,Smolder,Blitzcrank,Blue
KR_7567181710,2025-03-20 12:41:00.298000,27.8,Pantheon,XinZhao,Akali,Kaisa,Lulu,Teemo,Jax,Hwei,Ezreal,Braum,Blue
KR_7567109602,2025-03-20 11:50:12.974000,24.15,Teemo,Karthus,Qiyana,Corki,Nautilus,Gwen,Kindred,Diana,Varus,Alistar,Red
KR_7568632751,2025-03-21 15:57:12.385000,28.5,Pantheon,Zyra,Tristana,Varus,Nautilus,Gwen,Nidalee,Qiyana,Samira,Rakan,Red
KR_7566068410,2025-03-19 11:28:00.540000,30.13,Gwen,LeeSin,Naafiri,Jhin,Bard,Ambessa,Viego,Galio,Varus,Karma,Red
KR_7564411783,2025-03-17 16:11:29.541000,30.55,Camille,Zac,Qiyana,Ezreal,Neeko,Heimerdinger,Nunu,Tryndamere,Sivir,Soraka,Blue
KR_7564229559,2025-03-17 13:47:43.571000,25.07,Ambessa,Nidalee,Corki,Caitlyn,Alistar,Rumble,Pantheon,Qiyana,Jhin,Lux,Red
KR_7566867379,2025-03-20 07:49:11.707000,17.68,Sion,Vi,Azir,Jinx,Lulu,Ambessa,LeeSin,Ryze,Smolder,Soraka,Blue
KR_7566838931,2025-03-20 07:20:23.191000,22.63,Ambessa,LeeSin,Sylas,Kaisa,Nautilus,Gwen,Vi,AurelionSol,Ezreal,Soraka,Blue
KR_7566804804,2025-03-20 06:37:50.008000,37.4,Ambessa,LeeSin,Karma,Aphelios,Lulu,Poppy,Nidalee,Yone,Xayah,Rakan,Blue
KR_7566787342,2025-03-20 06:06:56.198000,22.55,Ambessa,LeeSin,Vladimir,Kalista,Neeko,KSante,Lillia,Viego,MissFortune,Nautilus,Blue
KR_7566764451,2025-03-20 05:34:53.741000,18.37,Irelia,LeeSin,Ryze,Kalista,Alistar,Sett,Viego,Sylas,Ezreal,Poppy,Red
KR_7571744117,2025-03-23 19:33:44.801000,34.6,KSante,Viego,Orianna,Jhin,Zoe,Ambessa,Nidalee,Yone,Varus,Elise,Red
KR_7571716759,2025-03-23 18:20:18.129000,15.38,Tryndamere,Gwen,Vex,Caitlyn,Rell,Yasuo,Viego,Azir,Jhin,Neeko,Blue
KR_7571699893,2025-03-23 17:48:04.532000,15.55,Gwen,Vi,TwistedFate,Jhin,Seraphine,Urgot,Naafiri,Sylas,MissFortune,Rell,Red
KR_7571682273,2025-03-23 17:08:08.561000,28.33,Jax,Poppy,Azir,Ezreal,Veigar,Singed,Naafiri,Ahri,Corki,Lux,Red
KR_7571656838,2025-03-23 16:35:37.824000,22.62,Jayce,Vi,Ahri,MissFortune,Pyke,Sylas,Poppy,Leblanc,Ezreal,Karma,Red
KR_7570148727,2025-03-22 16:11:19.942000,16.03,Rumble,MonkeyKing,Akali,Varus,Renata,Renekton,Talon,TwistedFate,Draven,Blitzcrank,Red
KR_7569797379,2025-03-22 13:08:31.132000,38.8,Irelia,Naafiri,Aurora,Sivir,Poppy,Rumble,Talon,Azir,Kalista,Renata,Blue
KR_7561842619,2025-03-15 16:10:47.864000,27.55,Jayce,Rumble,Taliyah,Ezreal,Braum,Ambessa,Vi,Ahri,Kaisa,Rakan,Blue
KR_7559169106,2025-03-13 15:44:59.775000,17.87,Irelia,LeeSin,Sylas,Jhin,Pyke,Jax,Skarner,Aurora,Ezreal,Karma,Red
KR_7558752501,2025-03-13 10:56:23.597000,26.1,Ambessa,Zac,Azir,Varus,Rell,Kennen,LeeSin,Ryze,Draven,Nautilus,Blue
KR_7569114068,2025-03-22 05:15:21.814000,22.25,Renekton,LeeSin,Hwei,Ezreal,Karma,Ambessa,Viego,Syndra,Kaisa,Rell,Blue
KR_7569068267,2025-03-22 04:34:53.364000,26.2,DrMundo,Zyra,Yasuo,Varus,Lulu,KSante,Kayn,Aurora,Caitlyn,Lux,Blue
KR_7569025508,2025-03-22 03:51:59.246000,23.93,Gwen,Lillia,Yone,Kalista,Nautilus,Yasuo,Karthus,Zoe,Ezreal,Janna,Red
KR_7567040161,2025-03-20 10:52:00.312000,26.52,Ambessa,JarvanIV,Aurora,Tristana,Karma,Pantheon,Lillia,Naafiri,Jhin,Nautilus,Red
KR_7571298303,2025-03-23 12:30:55.196000,30.57,Lulu,Viego,Karma,Varus,Senna,Gwen,Zed,Anivia,Corki,Thresh,Blue
KR_7571234790,2025-03-23 11:59:05.547000,26.22,KSante,Kindred,Galio,Lucian,Zilean,Riven,Rengar,Aurora,Kaisa,Rakan,Red
KR_7571181088,2025-03-23 11:26:19.994000,26.45,Jayce,Rengar,Xerath,Tristana,Zilean,Lulu,XinZhao,Orianna,Corki,Elise,Red
KR_7570984220,2025-03-23 09:16:48.715000,1.67,Jayce,Gragas,Naafiri,Ezreal,FiddleSticks,Gwen,Belveth,Qiyana,Corki,Zilean,Red
KR_7570914402,2025-03-23 08:32:05.230000,19.68,Rengar,Viego,Sylas,Caitlyn,Elise,Ambessa,Sejuani,Yasuo,Kaisa,Gragas,Red
KR_7571723929,2025-03-23 18:50:37.803000,15.77,KSante,Viego,Akali,Varus,Neeko,Gwen,Kayn,Yone,Viktor,Elise,Blue
KR_7571719048,2025-03-23 18:13:16.429000,26.9,Gangplank,LeeSin,Galio,MissFortune,Rakan,Jax,Zyra,Akshan,Kaisa,Rell,Blue
KR_7571698026,2025-03-23 17:28:10.004000,23.53,Illaoi,Nocturne,Viktor,Ashe,Rakan,Gwen,XinZhao,Akali,Varus,Lulu,Red
KR_7571643566,2025-03-23 16:18:19.914000,39.32,Gragas,Talon,Ryze,Ezreal,Karma,Aatrox,Lillia,Qiyana,Chogath,Senna,Red
KR_7570899416,2025-03-23 08:22:03.063000,28.03,KSante,Naafiri,Ryze,Xayah,Maokai,Fiora,Rengar,Mel,Kaisa,Rell,Blue
KR_7570842500,2025-03-23 07:45:45.191000,30.4,Aatrox,Lillia,Tryndamere,Twitch,Leona,Gangplank,Nunu,Akali,Varus,Thresh,Red
KR_7568399794,2025-03-21 13:52:01.732000,28.55,Aatrox,Viego,Aurora,Ashe,Karma,Yone,LeeSin,Jayce,Mel,Neeko,Red
KR_7567973191,2025-03-21 08:46:15.897000,28.8,Aatrox,Zed,Annie,Tristana,Rell,Yone,Zac,Yasuo,Jhin,Karma,Red
KR_7571092492,2025-03-23 10:33:04.114000,18.57,Sett,Nidalee,Yone,Kaisa,Alistar,Jayce,Rengar,Azir,Aphelios,Thresh,Red
KR_7571018789,2025-03-23 09:44:16.019000,23.25,Jax,Nidalee,Irelia,Corki,Maokai,Gwen,Viego,Orianna,Aphelios,Alistar,Blue
KR_7570929907,2025-03-23 08:45:11.062000,15.17,Singed,Talon,Akali,Jhin,Karma,Darius,Nidalee,Irelia,Ezreal,Rakan,Red
KR_7570854381,2025-03-23 07:52:08.854000,32.45,Udyr,LeeSin,Vex,Kaisa,Neeko,Gnar,XinZhao,Swain,Tristana,Karma,Red
KR_7569518698,2025-03-22 10:22:04.149000,30.17,Jayce,Nidalee,Leblanc,Tristana,Rakan,KSante,Rengar,Viktor,AurelionSol,Alistar,Red
KR_7565461126,2025-03-18 16:23:32.768000,24.73,Jax,XinZhao,Mel,Ezreal,Poppy,Shen,Nocturne,Anivia,Kaisa,Leona,Red
KR_7565419755,2025-03-18 15:44:07.251000,29.68,Jayce,Darius,Velkoz,Ezreal,Elise,Ambessa,Zac,Anivia,Jhin,Zoe,Blue
KR_7565402016,2025-03-18 15:21:21.857000,15.42,Warwick,Ambessa,Azir,Ziggs,Pyke,Vladimir,Darius,Orianna,Aphelios,Nautilus,Blue
KR_7565097145,2025-03-18 12:06:53.699000,15.6,Rumble,Darius,Ahri,Tristana,Neeko,Yasuo,Nidalee,Sylas,Kaisa,Leona,Red
KR_7565003269,2025-03-18 11:02:46.775000,30.53,Anivia,LeeSin,Aurora,MissFortune,Nautilus,Nocturne,Nidalee,Corki,Caitlyn,Elise,Red
KR_7570756494,2025-03-23 06:47:49.269000,26.6,Renekton,Lillia,Tryndamere,Corki,Thresh,KSante,Rengar,Akali,Draven,Pyke,Blue
KR_7569898528,2025-03-22 13:58:44.077000,31.78,Gwen,MonkeyKing,Sylas,Ezreal,Rell,KSante,Vi,Akali,Kaisa,Braum,Blue
KR_7568839397,2025-03-21 20:42:20.868000,26.32,Kennen,Hecarim,Diana,Smolder,Poppy,Fiora,Sejuani,Sylas,Kaisa,Elise,Blue
KR_7568828176,2025-03-21 19:52:26.694000,27.22,Gwen,Nidalee,Jayce,Ezreal,Karma,Yone,Viego,Taliyah,MissFortune,Lulu,Blue
KR_7568045305,2025-03-21 09:56:50.975000,18.37,Gwen,Talon,Taliyah,Ashe,Elise,Kennen,Poppy,Ambessa,Jhin,Nautilus,Blue
KR_7569030655,2025-03-22 03:59:44.152000,32.63,Kennen,Talon,Orianna,Aphelios,Rell,Nocturne,Zac,Aurora,Jhin,Zilean,Blue
KR_7568932516,2025-03-22 01:51:44.832000,26.2,Gwen,LeeSin,Leblanc,Varus,Pantheon,Shen,Lillia,Zed,Akshan,Zoe,Blue
KR_7568878880,2025-03-22 00:17:37.444000,28.32,Poppy,Vi,Ahri,Kaisa,Blitzcrank,Sylas,Talon,Vladimir,Xayah,Alistar,Red
KR_7571731943,2025-03-23 19:15:15.507000,31.93,Tristana,Lillia,Orianna,Zeri,Rell,Jayce,Zyra,Lucian,Varus,Alistar,Red
KR_7571715635,2025-03-23 18:16:14.533000,23.65,Qiyana,Viego,Taliyah,Caitlyn,Karma,Heimerdinger,Zed,Zoe,Jhin,Janna,Red
KR_7571697708,2025-03-23 17:35:46.959000,22.87,Camille,XinZhao,Azir,Jhin,Karma,Ambessa,Kindred,Galio,Ezreal,Neeko,Red
KR_7571409165,2025-03-23 13:29:45.461000,22.17,Jayce,Viego,Ryze,Kaisa,Sylas,Ambessa,MonkeyKing,Vex,Tristana,Karma,Blue
KR_7571369022,2025-03-23 13:07:24.325000,15.35,Gragas,Naafiri,Anivia,Varus,Rell,Gwen,Nocturne,Xerath,Kaisa,Poppy,Red
KR_7571308701,2025-03-23 12:37:39.894000,20.95,Gwen,Ekko,Yone,Jhin,Elise,Jayce,MasterYi,Azir,Ezreal,Nautilus,Blue
KR_7571259668,2025-03-23 12:13:09.713000,18.3,Rumble,Talon,Vladimir,Jhin,FiddleSticks,Ambessa,Karthus,Jayce,Ezreal,Senna,Blue
KR_7571197124,2025-03-23 11:34:28.997000,26.3,Jayce,Kindred,Ambessa,Mel,Karma,Gwen,Vi,Syndra,Ezreal,Rakan,Blue
KR_7568269146,2025-03-21 12:42:11.828000,27.5,Rumble,Zac,Yasuo,MissFortune,Rell,Vladimir,Hecarim,Ahri,Smolder,Alistar,Blue
KR_7568188817,2025-03-21 11:56:27.557000,26.57,Gwen,Nidalee,Viego,Tristana,Nautilus,Fiora,Graves,Aurora,Ashe,Alistar,Red
KR_7566873119,2025-03-20 07:53:37.405000,38.15,Gwen,Zed,Sylas,Varus,Neeko,Kennen,LeeSin,Aurora,Jhin,Poppy,Blue
KR_7566806920,2025-03-20 06:39:34.590000,27.45,Gragas,Talon,Azir,Ashe,Elise,Yone,Lillia,Jayce,Kalista,Soraka,Blue
KR_7570580466,2025-03-23 04:34:00.450000,25.6,Darius,Taliyah,Zoe,Varus,Rakan,Gragas,Nidalee,Naafiri,Twitch,Neeko,Red
KR_7570537492,2025-03-23 03:51:24.834000,27.47,Cassiopeia,Kindred,Taliyah,Draven,Rell,Gwen,LeeSin,Qiyana,KogMaw,Renata,Blue
KR_7570497459,2025-03-23 03:05:44.857000,27.05,Camille,Belveth,Aurora,Varus,Nautilus,Poppy,Vi,Sylas,Draven,Thresh,Blue
KR_7564542538,2025-03-17 22:43:29.257000,28.97,Olaf,Viego,Xerath,Tristana,Nautilus,Vayne,Volibear,Aurora,Jhin,Kennen,Blue
KR_7558295868,2025-03-12 20:20:40.816000,28.13,Olaf,Zyra,Zed,Ezreal,Braum,Aurora,Belveth,Talon,Ashe,Maokai,Blue
KR_7568589003,2025-03-21 15:26:39.381000,24.32,Gwen,LeeSin,Hwei,Xayah,Rakan,Yasuo,RekSai,Syndra,Varus,Rell,Red
KR_7568442065,2025-03-21 14:09:49.407000,24.57,Jax,Zac,Zoe,Varus,Pantheon,Gangplank,Talon,Anivia,Draven,Camille,Red
KR_7568339120,2025-03-21 13:18:10.240000,23.52,Darius,Talon,Ahri,MissFortune,Elise,Warwick,Naafiri,Mel,Jhin,Zoe,Blue
KR_7571126294,2025-03-23 10:52:36.165000,32.03,Jayce,Zyra,Corki,Lucian,Thresh,Rumble,RekSai,Talon,Tristana,Poppy,Blue
KR_7571002001,2025-03-23 09:29:12.360000,29.6,Jayce,Zyra,Yone,Kaisa,Sylas,Irelia,Kindred,Mel,Varus,Neeko,Blue
KR_7570934532,2025-03-23 08:46:01.346000,18.58,Gwen,Vi,Galio,Corki,Nautilus,Jax,Olaf,Annie,Tristana,Lulu,Blue
KR_7571749903,2025-03-23 20:31:26.183000,15.35,Fiora,Nidalee,Zed,Ezreal,Alistar,Aatrox,Viego,Tristana,Kaisa,Taliyah,Blue
KR_7571726561,2025-03-23 18:43:03.299000,15.4,Gnar,Sejuani,Sylas,AurelionSol,Leona,Renekton,Taliyah,Ambessa,Varus,Nautilus,Blue
KR_7571703975,2025-03-23 17:58:28.781000,31.15,Naafiri,Taliyah,Corki,Aphelios,Thresh,Urgot,Sejuani,Zed,Kaisa,Blitzcrank,Red
KR_7571685942,2025-03-23 17:21:06.334000,25.15,Kled,Vi,Aurora,Ezreal,Karma,Gwen,Lillia,Yone,Jhin,Xerath,Blue
KR_7570734513,2025-03-23 06:34:25.894000,35.18,Sett,Zyra,Zed,Swain,Poppy,Singed,Viego,Ekko,Ezreal,Maokai,Blue
KR_7570687403,2025-03-23 05:57:35.453000,29.1,Aatrox,Kayn,TwistedFate,Swain,Sion,Sejuani,Viego,Akali,Ezreal,Bard,Blue
KR_7570628905,2025-03-23 05:16:09.722000,15.58,Jayce,Karthus,Yasuo,Lucian,Galio,Gangplank,Nunu,Yone,Kaisa,Pyke,Blue
KR_7570597597,2025-03-23 04:48:51.307000,20.12,Kennen,Vi,Pantheon,Kaisa,Senna,Sylas,Hecarim,Neeko,Aphelios,Pyke,Blue
KR_7565152345,2025-03-18 12:43:00.665000,29.42,Nocturne,Vi,Hwei,Kaisa,Rakan,Olaf,LeeSin,Galio,Mel,Pyke,Blue
KR_7561546506,2025-03-15 13:38:14.885000,34.82,Jax,Viego,Azir,Ezreal,Elise,Ambessa,LeeSin,TwistedFate,Varus,Pyke,Blue
KR_7559703593,2025-03-14 09:24:38.673000,27.98,Zed,Vi,Aurora,Caitlyn,Elise,Jayce,Pantheon,Galio,Ezreal,Karma,Red
KR_7559665671,2025-03-14 08:47:13.893000,30.97,Warwick,LeeSin,Leblanc,Jhin,Pyke,Rumble,Pantheon,Zed,Varus,Elise,Blue
KR_7559638225,2025-03-14 08:15:27.813000,20.77,KSante,Jax,Leblanc,Tristana,Braum,Rumble,LeeSin,Vex,Corki,Alistar,Red
KR_7569411911,2025-03-22 09:03:34.345000,45.67,Gwen,MonkeyKing,Sylas,Jhin,Karma,Jax,LeeSin,Ryze,Zeri,Rell,Red
KR_7568765295,2025-03-21 17:47:33.684000,29.98,Ambessa,RekSai,Taliyah,Kaisa,Nautilus,Gnar,LeeSin,Vladimir,Ezreal,Poppy,Blue
KR_7568734213,2025-03-21 17:12:50.269000,27.02,Ambessa,Lillia,Aatrox,Draven,Elise,Camille,Vi,Anivia,Ezreal,Nautilus,Blue
KR_7568717375,2025-03-21 16:58:28.872000,2.23,Jayce,Viego,Azir,Tristana,Pyke,Fiora,Vi,Ahri,Lucian,Neeko,Blue
KR_7557254031,2025-03-11 16:56:47.575000,21.72,Urgot,Karthus,Corki,Varus,Pyke,Lulu,Nocturne,Yone,Ziggs,Rakan,Blue
KR_7557068823,2025-03-11 14:12:08.604000,31.37,Riven,Darius,Azir,Draven,Nautilus,Ryze,Vi,Aurora,Jinx,Blitzcrank,Red
KR_7556149370,2025-03-10 15:05:36.338000,18.4,Lulu,Vi,Vladimir,Caitlyn,Neeko,KSante,Viego,Aurora,Jhin,Poppy,Blue
KR_7555807815,2025-03-10 11:21:27.237000,28.43,Urgot,Vi,Hwei,Ezreal,Nautilus,Sion,Lillia,Ahri,Jhin,Alistar,Red
KR_7553768840,2025-03-08 17:45:19.684000,26.97,Renekton,Vi,Ahri,Kaisa,Senna,Fiora,Pantheon,Sylas,Ezreal,Elise,Red
KR_7569662155,2025-03-22 11:54:50.293000,15.2,Sett,Viego,Yone,MissFortune,Neeko,Ambessa,Nidalee,Ryze,Zeri,Rakan,Blue
KR_7569591616,2025-03-22 11:11:57.793000,33.15,Garen,JarvanIV,Galio,Jinx,Lulu,Sett,Ekko,Syndra,Varus,Renata,Blue
KR_7569126821,2025-03-22 05:33:04.381000,15.33,Gwen,Vi,Sylas,Ezreal,Karma,Kennen,XinZhao,Ahri,Corki,Leona,Red
KR_7569068572,2025-03-22 04:37:39.463000,27.95,Gangplank,LeeSin,Galio,Ezreal,Zilean,Irelia,XinZhao,Ryze,Varus,Senna,Red
KR_7568767852,2025-03-21 17:59:35.562000,38.95,Camille,Lillia,Galio,Jhin,Pantheon,Ornn,Kindred,Nunu,Xayah,Poppy,Blue
KR_7568742179,2025-03-21 17:19:42.136000,26.7,Renekton,Kindred,Ryze,Tristana,Poppy,Gragas,LeeSin,Mel,Ashe,Karma,Red
KR_7565515320,2025-03-18 17:53:07.116000,27.68,Jayce,Taliyah,Yasuo,Draven,Nautilus,Ambessa,RekSai,Zoe,Ezreal,Karma,Red
KR_7565495150,2025-03-18 17:11:48.272000,34.65,Aatrox,Diana,Zed,Ezreal,Poppy,Ambessa,RekSai,Taliyah,Kaisa,Nautilus,Blue
KR_7563440302,2025-03-16 17:20:14.436000,15.28,KSante,Darius,Ryze,Varus,TahmKench,Gnar,Vi,Azir,Tristana,Elise,Red
KR_7571663681,2025-03-23 16:44:27.648000,28.72,Kled,Naafiri,Galio,Jhin,Nautilus,Ambessa,LeeSin,Leblanc,Kaisa,Leona,Blue
KR_7570218391,2025-03-22 16:59:32.528000,15.3,Gwen,Vi,Diana,Jhin,Nautilus,Kennen,Naafiri,Viktor,Ezreal,Braum,Red
KR_7568788977,2025-03-21 18:33:13.361000,26.02,Fiora,RekSai,Azir,Ezreal,Nautilus,Gwen,Poppy,Galio,Jinx,Bard,Blue
KR_7568732692,2025-03-21 17:14:16.394000,27.85,Rumble,Vi,Ryze,Ezreal,Karma,Fiora,Sejuani,Yone,Corki,Lux,Red
KR_7569263845,2025-03-22 07:16:24.550000,18.83,Gwen,LeeSin,Zed,Sivir,Lulu,Kennen,Vi,Akali,Ezreal,Soraka,Blue
KR_7569201792,2025-03-22 06:29:50.892000,25.4,Fiora,Nidalee,Naafiri,Kaisa,Rell,Jayce,Rengar,Galio,Xayah,Neeko,Blue
KR_7569158205,2025-03-22 05:53:26.772000,29.57,Gangplank,Zed,Viktor,Varus,Leona,Ambessa,LeeSin,Aurora,Ezreal,Poppy,Blue
KR_7569094853,2025-03-22 05:04:23.434000,36.77,Gangplank,Naafiri,Zoe,Ezreal,Alistar,Rengar,Viego,Aurora,Tristana,Poppy,Blue
KR_7566278094,2025-03-19 13:41:06.160000,31.07,Irelia,Pantheon,Vex,Ezreal,Senna,Ambessa,Ekko,Qiyana,Jhin,Neeko,Blue
KR_7571470188,2025-03-23 14:03:16.166000,16.9,Gwen,Lillia,Naafiri,Draven,Rell,Vladimir,Viego,Taliyah,Ornn,Senna,Red
KR_7571317558,2025-03-23 12:41:38.721000,34.07,Olaf,Gwen,Galio,Corki,FiddleSticks,Ambessa,Amumu,Smolder,Varus,Alistar,Red
KR_7570261985,2025-03-22 17:48:34.109000,30.5,Aatrox,Ivern,Azir,Jinx,Leona,Ryze,Zyra,Tristana,Varus,Renata,Blue
KR_7570214165,2025-03-22 16:56:24.408000,29.78,Yorick,Vi,Taliyah,Corki,Rakan,Yone,Darius,Viktor,Sivir,Alistar,Blue
KR_7568803152,2025-03-21 18:44:41.969000,27.33,Gwen,Viego,Aurora,Ezreal,Braum,Camille,Kindred,Galio,Lucian,Nami,Blue
KR_7567403542,2025-03-20 14:56:49.717000,15.18,Jayce,Elise,Akshan,Tristana,Gragas,Olaf,Nidalee,Ryze,Ezreal,Alistar,Red
KR_7567359570,2025-03-20 14:25:55.387000,15.6,Aatrox,Zyra,Tristana,Ezreal,Senna,Quinn,Skarner,Ahri,Varus,Rumble,Blue
KR_7567312290,2025-03-20 13:52:51.055000,18.42,Singed,Nidalee,Lucian,Ezreal,Leblanc,Kennen,LeeSin,Ryze,Kaisa,Thresh,Red
KR_7566523643,2025-03-19 17:33:24.609000,27.1,Rumble,MasterYi,Smolder,Jhin,Karma,Tristana,Pantheon,Ryze,Draven,Rakan,Red
KR_7566503785,2025-03-19 17:01:39.414000,22.63,Jax,DrMundo,Tristana,Ezreal,Braum,Gwen,MasterYi,Corki,Kaisa,Seraphine,Red
KR_7558244781,2025-03-12 17:36:10.887000,26.43,Camille,Viego,Orianna,Ezreal,Karma,Ryze,Zyra,Corki,Kaisa,Nautilus,Blue
KR_7558230601,2025-03-12 17:03:19.104000,16.52,Gnar,LeeSin,Aurora,Mel,Rakan,Varus,Nidalee,Zed,Ashe,Poppy,Red
KR_7558159494,2025-03-12 15:35:27.416000,26.5,Karma,Vi,Ahri,Varus,Elise,Rumble,Nocturne,Orianna,Ezreal,Nautilus,Red
KR_7558123199,2025-03-12 15:03:07.650000,21.9,Yone,Darius,Karma,Zeri,Alistar,Aatrox,Skarner,Aurora,Tristana,Rell,Red
KR_7557276938,2025-03-11 17:54:55.563000,19.83,Jayce,Pantheon,Azir,Ezreal,Maokai,Ambessa,Vi,Aurora,Kaisa,Karma,Red
KR_7562046040,2025-03-15 20:10:45.370000,20.18,Tristana,FiddleSticks,Yone,Ezreal,Blitzcrank,Camille,Kindred,Brand,Kaisa,Swain,Blue
KR_7561958955,2025-03-15 17:47:13.834000,28.35,Riven,Nidalee,Ambessa,Ezreal,Alistar,Vladimir,Viego,Ahri,Sivir,Poppy,Blue
KR_7561940723,2025-03-15 17:25:31.809000,15.27,Irelia,Zed,Ryze,Ezreal,Neeko,Jayce,Ekko,Tristana,Ashe,Karma,Blue
KR_7561829976,2025-03-15 16:03:46.271000,15.72,Aatrox,Darius,Azir,Corki,Pyke,Ambessa,Zyra,Zed,Tristana,Pantheon,Blue
KR_7561773818,2025-03-15 15:31:42.809000,15.8,Renekton,Nidalee,Corki,Ezreal,Alistar,Jayce,Lillia,Ambessa,Jhin,Rell,Blue
KR_7571689007,2025-03-23 17:14:24.432000,30.43,Ambessa,Kayn,Xerath,Jinx,Thresh,Gwen,Vi,Ryze,MissFortune,Rakan,Red
KR_7571650887,2025-03-23 16:31:18.308000,32.37,Vi,LeeSin,Ahri,Jinx,Lulu,Vayne,Naafiri,Aurora,Lucian,Rell,Red
KR_7571587221,2025-03-23 15:19:56.892000,27.57,Teemo,Vi,Naafiri,Kaisa,Pyke,Cassiopeia,Poppy,Zoe,Ezreal,Veigar,Red
KR_7571460137,2025-03-23 13:57:16.493000,25.92,Akali,LeeSin,Galio,Varus,Karma,Gwen,Vi,Riven,Ashe,Pyke,Red
KR_7570975091,2025-03-23 09:10:44.032000,27.2,Illaoi,LeeSin,Naafiri,Vayne,Alistar,Aurora,Nocturne,Galio,Nilah,Rell,Red
KR_7571567793,2025-03-23 15:08:37.287000,35.23,Fiora,Poppy,Azir,Ezreal,Gragas,Renekton,Karthus,Naafiri,Draven,Pyke,Red
KR_7571530267,2025-03-23 14:40:22.099000,15.17,Darius,Rengar,Azir,Corki,Senna,Taric,Gwen,Ambessa,Varus,Elise,Red
KR_7571503720,2025-03-23 14:25:24.085000,1.77,Camille,Naafiri,Orianna,Varus,Rakan,Vladimir,Vi,Leblanc,Ezreal,Senna,Blue
KR_7570955540,2025-03-23 08:59:55.662000,37.72,Olaf,FiddleSticks,TwistedFate,Jhin,Karma,Zac,Ivern,Lucian,Tristana,Seraphine,Red
KR_7569312686,2025-03-22 07:50:02.996000,22.48,Akali,Vi,Talon,Kaisa,Alistar,Gwen,MonkeyKing,Katarina,Yasuo,Pantheon,Blue
KR_7569266732,2025-03-22 07:19:31.565000,22.8,Kled,Talon,Viktor,Ezreal,Leona,Zac,Poppy,Yone,Lucian,Karma,Red
KR_7563887716,2025-03-17 09:48:53.380000,24.13,Ambessa,Zyra,Yasuo,Jhin,Bard,Aatrox,Belveth,Diana,Ezreal,Pantheon,Blue
KR_7563859705,2025-03-17 09:16:39.264000,16.57,Ambessa,Taliyah,Yone,Ezreal,Rell,Soraka,LeeSin,Diana,Tristana,Rakan,Red
KR_7560131097,2025-03-14 14:16:10.670000,15.28,Jayce,Nocturne,Gragas,Kaisa,Rell,Warwick,Evelynn,Yasuo,Ezreal,Elise,Blue
KR_7571603006,2025-03-23 15:32:41.753000,15.22,Jayce,Lillia,Yone,Varus,Nautilus,Warwick,Kindred,TwistedFate,Jhin,Pantheon,Red
KR_7571546106,2025-03-23 14:48:34.020000,33.12,Gwen,Naafiri,Orianna,MissFortune,Alistar,Akali,Zed,Aurora,Varus,Rell,Red
KR_7570339445,2025-03-22 19:58:18.765000,18.33,Cassiopeia,MonkeyKing,Yasuo,Ezreal,Alistar,Ivern,Naafiri,Vex,Corki,Rell,Red
KR_7571281482,2025-03-23 12:24:04.794000,23.47,Poppy,LeeSin,TwistedFate,Varus,Senna,Sion,Darius,Viktor,Lucian,Soraka,Blue
KR_7569834202,2025-03-22 13:25:55.514000,15.25,Gwen,Naafiri,Aurora,Ezreal,Rakan,KSante,Taliyah,Orianna,Corki,Alistar,Red
KR_7569764619,2025-03-22 12:52:53.227000,23.0,Warwick,RekSai,Vladimir,Varus,Elise,Aatrox,Naafiri,Hwei,Caitlyn,Nautilus,Blue
KR_7569688187,2025-03-22 12:10:03.794000,28.0,Lulu,MonkeyKing,Orianna,Ashe,Braum,Sion,Viego,Azir,Tristana,Blitzcrank,Blue
KR_7567832382,2025-03-21 06:20:13.052000,39.82,Gangplank,Viego,Aurora,Ezreal,Alistar,Ryze,Vi,Lissandra,Kaisa,Maokai,Blue
KR_7567815128,2025-03-21 05:53:29.545000,16.37,Gangplank,Vi,Diana,Ezreal,Poppy,Maokai,Zed,Lissandra,Kaisa,Rakan,Blue
KR_7566760356,2025-03-20 05:25:47.748000,21.47,Ornn,Vi,Azir,Aphelios,Soraka,Gangplank,Graves,Sylas,Jinx,Thresh,Blue
KR_7565765921,2025-03-19 06:20:30.883000,40.43,Poppy,Pantheon,Taliyah,MissFortune,Karma,KSante,Viego,Ryze,Ezreal,Senna,Red
KR_7571669873,2025-03-23 16:55:29.146000,29.07,Gwen,Lillia,Naafiri,Tristana,Nautilus,Akali,RekSai,Zoe,Varus,Senna,Blue
KR_7571639405,2025-03-23 16:13:36.510000,16.35,Ambessa,Naafiri,Ryze,Varus,Senna,Aatrox,Volibear,Sylas,Sivir,Karma,Red
KR_7571607958,2025-03-23 15:43:01.632000,15.3,Gwen,LeeSin,Sylas,Sivir,Alistar,Gnar,Naafiri,Ryze,Ezreal,Leona,Blue
KR_7571438266,2025-03-23 13:44:32.502000,17.45,Irelia,Zac,Yone,Hwei,Alistar,Darius,Vi,Akali,Corki,Rakan,Blue
KR_7571712598,2025-03-23 18:12:39.383000,20.72,Fiora,RekSai,Yone,AurelionSol,Leona,Illaoi,Kindred,Diana,Varus,Poppy,Blue
KR_7571779111,2025-03-23 23:00:28.284000,39.37,Vladimir,MonkeyKing,Aurora,Lucian,Lulu,Skarner,Viego,Sylas,Kaisa,Neeko,Red
KR_7571767497,2025-03-23 21:52:58.241000,41.03,Sett,Karthus,Jayce,Sivir,Alistar,KSante,Lillia,Yone,Ezreal,Karma,Red
KR_7571758216,2025-03-23 20:43:02.148000,27.33,Sejuani,Hecarim,Ryze,Ezreal,Karma,Gnar,Nocturne,Aurora,Jinx,Taric,Red
KR_7571678966,2025-03-23 17:10:47.600000,22.98,Tryndamere,Nidalee,Sylas,Draven,Nautilus,KSante,Nocturne,Orianna,Varus,Renata,Blue
KR_7566863169,2025-03-20 07:42:53.950000,32.38,Pantheon,Zyra,Lucian,Ezreal,Blitzcrank,Jax,Poppy,Ekko,Caitlyn,Lux,Blue
KR_7565823595,2025-03-19 07:24:55.207000,27.2,Ambessa,Rumble,Viktor,MissFortune,Rell,Ryze,Vi,Yone,Varus,Poppy,Red
KR_7565677791,2025-03-19 04:18:54.297000,15.27,Warwick,Ambessa,Akali,Kaisa,Neeko,Gnar,Naafiri,TwistedFate,Jhin,Elise,Blue
KR_7565662952,2025-03-19 03:47:14.755000,21.35,Jayce,Gwen,Hwei,Corki,Pantheon,Warwick,Naafiri,Galio,Varus,Rakan,Blue
KR_7571052985,2025-03-23 10:10:29.975000,18.55,Yone,Lillia,Naafiri,Tristana,Poppy,Ambessa,Vi,Akali,Zeri,Rakan,Blue
KR_7568532034,2025-03-21 14:55:40.765000,40.62,Gwen,Talon,Azir,Jhin,Bard,Jax,Pantheon,Karma,Kaisa,Pyke,Blue
KR_7568571132,2025-03-21 15:16:54.051000,37.78,Nocturne,Viego,Galio,Kaisa,Neeko,Rumble,Vi,Yone,Jhin,Karma,Red
KR_7567522821,2025-03-20 16:53:25.687000,28.37,Gragas,Zed,Gwen,Jhin,Neeko,Jax,Kindred,Diana,Kaisa,Alistar,Red
KR_7570666542,2025-03-23 05:43:57.045000,15.23,Ambessa,Viego,Aurora,Aphelios,Thresh,Camille,Qiyana,Ahri,Ashe,Zilean,Red
KR_7570565732,2025-03-23 04:21:57.316000,28.97,Gwen,Viego,Ekko,Draven,Alistar,Rumble,Naafiri,Irelia,Jhin,Neeko,Blue
KR_7562898144,2025-03-16 11:18:55.898000,16.48,Warwick,Zyra,Ahri,Ezreal,Karma,Ambessa,Darius,Syndra,Ashe,Braum,Blue
KR_7557154618,2025-03-11 15:12:07.818000,30.48,Gragas,Vi,Taliyah,Ashe,Senna,Rumble,Kindred,Aurora,Zeri,Swain,Blue
KR_7571751030,2025-03-23 19:59:12.844000,28.02,Gwen,RekSai,Galio,Xayah,Rakan,Jax,Vi,Xerath,Kaisa,Rell,Blue
KR_7571738453,2025-03-23 19:20:35.816000,31.85,Renekton,Kindred,Galio,AurelionSol,Neeko,Kennen,Ambessa,Xerath,Kaisa,Pyke,Blue
KR_7571727281,2025-03-23 18:36:56.786000,32.42,Ambessa,Viego,Ekko,Ezreal,Karma,Renekton,XinZhao,Lissandra,Ashe,Poppy,Red
KR_7571702844,2025-03-23 17:56:06.099000,30.73,Ambessa,Taliyah,Ahri,Corki,Rakan,Gwen,Naafiri,Lissandra,Caitlyn,Neeko,Blue
KR_7571792104,2025-03-24 00:11:55.830000,22.43,Vex,Graves,Leblanc,Ezreal,Soraka,Ambessa,Nunu,Vladimir,Lucian,Milio,Red
KR_7566664355,2025-03-20 02:19:52.480000,23.47,Yone,Karthus,Azir,Jhin,Senna,Jayce,LeeSin,Ryze,Kaisa,Braum,Blue
KR_7566654068,2025-03-20 01:45:04.254000,25.63,Yone,Karthus,Sylas,Tristana,Alistar,Teemo,Vi,Ahri,Lucian,Karma,Blue
KR_7566561246,2025-03-19 19:02:33.413000,25.65,Gwen,Vi,Azir,Xayah,Rakan,Ambessa,Naafiri,Aurora,Kaisa,Neeko,Blue
KR_7566549206,2025-03-19 18:21:39.699000,34.82,Fiora,Viego,Ahri,Corki,Neeko,Renekton,Taliyah,Qiyana,Zeri,Lulu,Red
KR_7566522863,2025-03-19 17:37:29.769000,27.87,Yone,Viego,Vex,Corki,Senna,Gwen,LeeSin,Sylas,Ezreal,Neeko,Blue
KR_7570801930,2025-03-23 07:21:08.268000,15.28,Darius,Lillia,Renekton,Draven,Blitzcrank,Gangplank,Vi,Akali,Aphelios,Karma,Blue
KR_7569354708,2025-03-22 08:20:37.662000,22.97,Renekton,Viego,Ahri,Ashe,Senna,Gwen,LeeSin,Katarina,Jhin,Karma,Red
KR_7569288228,2025-03-22 07:29:47.212000,28.4,Jayce,Graves,TwistedFate,Ezreal,Karma,Nocturne,Viego,Ahri,Sivir,Anivia,Blue
KR_7569202034,2025-03-22 06:25:41.686000,29.4,Ambessa,Talon,Aurora,Ezreal,Lux,Nocturne,Amumu,Azir,Corki,Blitzcrank,Blue
KR_7564629591,2025-03-18 03:23:54.710000,37.07,Jayce,Viego,Lissandra,Ezreal,Senna,Irelia,Talon,Akali,Varus,Karma,Red
KR_7571694475,2025-03-23 17:29:58.257000,20.9,Renekton,RekSai,Urgot,Kaisa,Nautilus,Ambessa,Naafiri,Aurora,Ezreal,Karma,Red
KR_7571678247,2025-03-23 16:59:15.900000,24.82,Galio,Graves,Azir,Jhin,Alistar,Zac,Pantheon,Zeri,Kaisa,Gragas,Blue
KR_7571610560,2025-03-23 15:45:18.014000,27.43,Gwen,Naafiri,Taliyah,Jhin,Senna,Tryndamere,XinZhao,Azir,Kaisa,Rakan,Blue
KR_7571573190,2025-03-23 15:10:15.841000,27.82,Gwen,Zyra,Yone,Ezreal,Pantheon,Jayce,Naafiri,Azir,Kaisa,Leona,Red
KR_7563216845,2025-03-16 14:07:15.620000,24.45,Jayce,XinZhao,Taliyah,Kaisa,Rakan,Rumble,RekSai,Azir,Tristana,Karma,Red
KR_7563147871,2025-03-16 13:29:49.326000,27.83,Jayce,Vi,Akali,Ezreal,Senna,Olaf,Ivern,Sion,Kaisa,Lux,Blue
KR_7563091432,2025-03-16 12:59:45.626000,23.25,Ambessa,Gwen,Sion,Aphelios,Thresh,Rumble,JarvanIV,Vladimir,Xayah,Rakan,Blue
KR_7563014033,2025-03-16 12:18:52.718000,27.93,Jax,Nidalee,Qiyana,Jinx,Rell,Jayce,Nocturne,Galio,Jhin,Neeko,Red
KR_7562052502,2025-03-15 20:45:20.916000,33.17,Tristana,FiddleSticks,Corki,Cassiopeia,Karma,Jayce,LeeSin,Vladimir,Caitlyn,Lux,Blue
KR_7571066983,2025-03-23 10:17:31.853000,15.85,Cassiopeia,Zac,Ambessa,Jhin,Poppy,Gwen,Vi,Taliyah,Corki,FiddleSticks,Red
KR_7570485397,2025-03-23 02:49:23.627000,20.53,Rumble,LeeSin,Neeko,Varus,Karma,Gnar,Zac,Sylas,Tristana,Lux,Red
KR_7570412283,2025-03-23 00:48:49.324000,18.9,Sejuani,Zac,Ahri,Jinx,Pyke,Cassiopeia,Vi,Aurora,Kaisa,Senna,Blue
KR_7570395677,2025-03-23 00:17:49.303000,15.37,Yone,Shaco,Zac,Ezreal,Poppy,Fiora,Gwen,Ahri,Zeri,Rell,Red
KR_7568245870,2025-03-21 12:30:20.556000,28.08,DrMundo,Talon,Ryze,Corki,FiddleSticks,Darius,Zac,Sylas,Zeri,Elise,Blue
KR_7570117047,2025-03-22 15:48:42.069000,27.0,Vladimir,Rengar,Orianna,Draven,Soraka,Gragas,Gwen,Kled,Kalista,Blitzcrank,Red
KR_7570013515,2025-03-22 14:54:51.400000,29.83,KSante,Viego,Vladimir,Ezreal,Nautilus,Rumble,Vi,Ahri,Sivir,Senna,Blue
KR_7568294987,2025-03-21 12:59:23.773000,21.23,Kennen,Kindred,Hwei,Jhin,Mel,Ambessa,Taliyah,Vladimir,Varus,Nautilus,Red
KR_7561381715,2025-03-15 12:16:14.931000,37.55,Irelia,LeeSin,Vladimir,Veigar,Poppy,Rumble,Darius,Malzahar,Kaisa,Rell,Blue
KR_7553955743,2025-03-09 01:46:34.875000,36.05,Renekton,Nunu,Vladimir,Sivir,FiddleSticks,Sion,Nidalee,Irelia,Ezreal,Sylas,Blue
KR_7567935797,2025-03-21 08:13:42.316000,15.2,Urgot,Zac,Irelia,Kaisa,Rakan,Garen,Karthus,Xerath,Tristana,FiddleSticks,Red
KR_7564147523,2025-03-17 12:59:25.507000,20.62,Anivia,Graves,Leblanc,Tristana,Nautilus,Sion,Taliyah,Akshan,Sivir,Rell,Red
KR_7564088904,2025-03-17 12:25:26.859000,28.98,Darius,Belveth,Aurora,Ezreal,Karma,Garen,Zyra,Yone,Jhin,Gragas,Blue
KR_7564045814,2025-03-17 11:57:45.791000,21.97,Gragas,Belveth,Zoe,Caitlyn,Elise,Garen,Nidalee,Yone,Varus,Lulu,Red
KR_7553079945,2025-03-08 11:19:19.424000,25.03,Gragas,Qiyana,Aurora,Jinx,Blitzcrank,Sett,Pantheon,Zoe,Zeri,Braum,Blue
KR_7565951618,2025-03-19 09:44:03.897000,24.92,Rumble,Viego,Ahri,Smolder,Galio,Kennen,LeeSin,Ryze,Ezreal,Yuumi,Blue
KR_7565886721,2025-03-19 08:33:09.439000,33.83,Jayce,Zyra,Renekton,Tristana,Alistar,Sion,Brand,Zed,Varus,Braum,Blue
KR_7565858680,2025-03-19 08:06:54.186000,19.35,Rumble,Khazix,Ornn,MissFortune,Pantheon,Ambessa,Karthus,Galio,Jinx,Braum,Red
KR_7565831345,2025-03-19 07:32:08.931000,23.72,Galio,Gwen,KSante,Zeri,Lulu,Rumble,Viego,Yasuo,Varus,Nautilus,Blue
KR_7565794412,2025-03-19 06:49:35.268000,28.55,Rumble,Vi,Aurora,Zeri,Galio,KSante,Naafiri,Orianna,Draven,Poppy,Red
KR_7571147181,2025-03-23 11:04:23.768000,2.47,Jayce,LeeSin,Orianna,Caitlyn,Braum,Gwen,Rengar,Akali,Jhin,Bard,Blue
KR_7570945530,2025-03-23 08:53:03.341000,51.98,Cassiopeia,LeeSin,Xerath,Draven,Pantheon,Gwen,Viego,Aurora,Corki,Braum,Red
KR_7568561247,2025-03-21 15:12:07.783000,17.6,Cassiopeia,Pantheon,Galio,Kaisa,Poppy,Gnar,Viego,Ryze,Jhin,Neeko,Red
KR_7568483239,2025-03-21 14:31:09.175000,26.03,Camille,Pantheon,Kassadin,Ezreal,Senna,Jayce,Viego,Galio,Jhin,Sylas,Red
KR_7565024670,2025-03-18 11:20:18.993000,39.58,Warwick,Zac,Ryze,Corki,Pyke,Jayce,Rengar,Galio,Kaisa,Elise,Red
KR_7564493320,2025-03-17 18:30:56.025000,29.03,Ambessa,Darius,Leblanc,Varus,Leona,Gnar,LeeSin,Azir,Ezreal,Karma,Red
KR_7564468629,2025-03-17 17:35:41.166000,38.05,Yasuo,Sejuani,Ahri,Kalista,Renata,Ambessa,LeeSin,Zoe,Mel,Poppy,Red
KR_7564364863,2025-03-17 15:25:02.271000,21.18,Jayce,Lillia,Yone,Varus,Nautilus,KSante,Ivern,Azir,Ezreal,Karma,Blue
KR_7564314238,2025-03-17 14:41:18.335000,20.1,Zoe,Zac,Mel,Smolder,Leona,Jayce,Lillia,Lucian,Ezreal,Senna,Blue
KR_7571721034,2025-03-23 18:18:30.472000,28.65,Riven,Viego,Akali,Corki,Veigar,Nasus,Lillia,Yone,Lucian,Pantheon,Blue
KR_7571699586,2025-03-23 17:41:38.734000,26.55,Jayce,FiddleSticks,Akshan,Jhin,Neeko,Poppy,Nidalee,Yone,Varus,Karma,Blue
KR_7571473888,2025-03-23 14:08:40.579000,25.38,Poppy,Nidalee,Neeko,Varus,Karma,Tryndamere,Zyra,Galio,Draven,Thresh,Red
KR_7571374506,2025-03-23 13:11:00.903000,15.8,Ambessa,RekSai,Ahri,Varus,Leona,Jayce,Sejuani,Yone,AurelionSol,Nautilus,Blue
KR_7571591921,2025-03-23 15:31:06.620000,29.93,Gwen,Lillia,Corki,Jinx,Nautilus,Ambessa,Talon,Viktor,Lucian,Alistar,Blue
KR_7571556351,2025-03-23 14:57:00.811000,21.13,Ambessa,Talon,Neeko,Kaisa,Braum,Camille,Sejuani,Yasuo,Chogath,Rakan,Red
KR_7567060503,2025-03-20 11:12:10.834000,29.38,Jayce,Gwen,Zed,Jhin,Leona,Ambessa,MasterYi,Ryze,Kaisa,Rell,Red
KR_7567000569,2025-03-20 10:17:44.462000,29.1,Jax,Elise,Naafiri,Jhin,Neeko,Gwen,MasterYi,Sylas,Draven,Renata,Red
KR_7566963752,2025-03-20 09:41:58.741000,22.48,Renekton,MasterYi,Orianna,Kaisa,Alistar,Olaf,Graves,Lulu,Corki,Senna,Blue
KR_7566925196,2025-03-20 08:54:15.161000,30.12,Garen,MasterYi,Leblanc,Jhin,Rakan,Rengar,XinZhao,AurelionSol,Kaisa,Pantheon,Red
KR_7566550879,2025-03-19 18:44:21.574000,22.5,Gwen,LeeSin,Ryze,Kaisa,Nautilus,Jayce,MasterYi,Taliyah,Ezreal,Galio,Red
KR_7570720624,2025-03-23 06:25:31.530000,16.33,Rumble,Rengar,Lissandra,Varus,Rakan,Yasuo,Belveth,Galio,Aphelios,Sejuani,Blue
KR_7569499007,2025-03-22 10:01:56.451000,31.37,Gwen,LeeSin,Leblanc,Tristana,Rakan,Singed,Kindred,Anivia,Corki,Pyke,Red
KR_7569438125,2025-03-22 09:17:30.645000,28.02,Rumble,Vi,Viktor,Ezreal,Anivia,KSante,Rengar,Vladimir,Jhin,Karma,Blue
KR_7569384817,2025-03-22 08:42:14.514000,20.03,Fiora,Darius,Anivia,Varus,Karma,Gwen,Naafiri,Tryndamere,Jhin,Bard,Red
KR_7569336892,2025-03-22 08:09:40.326000,26.13,Gwen,Viego,Yone,Varus,Maokai,Gnar,Pantheon,Vex,MissFortune,Anivia,Blue
KR_7568567035,2025-03-21 15:13:48.379000,26.82,Irelia,Diana,Yasuo,Tristana,Braum,Darius,Nocturne,Akali,AurelionSol,Alistar,Red
KR_7568481727,2025-03-21 14:31:47.080000,24.87,Aatrox,Nidalee,Jayce,Corki,Rell,Fiora,Diana,Lucian,MissFortune,Rakan,Red
KR_7568109385,2025-03-21 10:55:10.484000,25.75,Tryndamere,LeeSin,Sylas,Ashe,Rell,Shen,Nidalee,Talon,Ezreal,Braum,Blue
KR_7568061565,2025-03-21 10:13:28.243000,33.73,Fiora,Vi,Taliyah,Tristana,Leona,Renekton,Hecarim,Galio,Zeri,Lulu,Red
KR_7565705116,2025-03-19 04:43:11.658000,15.22,Irelia,Nidalee,Corki,Hwei,Senna,Jayce,Naafiri,Leblanc,Jhin,Elise,Red
KR_7565662230,2025-03-19 03:33:03.471000,26.52,Rengar,XinZhao,Aurora,KogMaw,Poppy,Ambessa,Vi,Kennen,Varus,Renata,Red
KR_7565650155,2025-03-19 03:10:55.045000,15.43,Teemo,Karthus,Irelia,Kalista,Senna,Gragas,Graves,Ahri,KogMaw,FiddleSticks,Blue
KR_7565635611,2025-03-19 02:36:59.291000,16.65,Yone,Naafiri,Viktor,Kaisa,Pyke,Darius,XinZhao,Kennen,Jinx,Braum,Red
KR_7571721145,2025-03-23 18:21:47.574000,28.67,Gragas,Vi,Ahri,Ezreal,Karma,Galio,Naafiri,Yone,Ashe,Poppy,Blue
KR_7571683903,2025-03-23 17:19:49.637000,26.43,Jayce,Lillia,Taliyah,Ezreal,Braum,Fiora,Naafiri,Galio,Kaisa,Nautilus,Blue
KR_7571560852,2025-03-23 15:05:51.763000,16.78,Riven,Pantheon,Vladimir,Jinx,Braum,Gnar,Rengar,Akali,Karthus,Alistar,Blue
KR_7570293338,2025-03-22 18:24:46.651000,33.33,Gragas,Talon,Aurora,Draven,Renata,Gnar,Vi,Viktor,Ezreal,Braum,Blue
KR_7570262490,2025-03-22 17:44:03.084000,27.37,Ambessa,RekSai,Vladimir,Varus,Neeko,Gwen,Khazix,Aurora,Ashe,Karma,Red
KR_7570082554,2025-03-22 15:30:19.614000,32.92,Gwen,Vi,Ahri,Jhin,Karma,Kennen,Pantheon,Viktor,Ezreal,Senna,Red
KR_7569469046,2025-03-22 09:39:54.712000,20.38,Irelia,Karthus,Galio,Ezreal,Karma,Aurora,Ambessa,Yone,Ashe,Nautilus,Red
KR_7569405096,2025-03-22 08:54:03.024000,27.43,KSante,Naafiri,Ahri,Ezreal,Janna,Ambessa,Poppy,Viktor,Ashe,Nidalee,Red
KR_7568352395,2025-03-21 13:26:59.751000,25.28,Aurora,Pantheon,Hwei,Tristana,Pyke,Rumble,Hecarim,Mel,Kaisa,Poppy,Red
KR_7568265648,2025-03-21 12:41:33.818000,31.52,Jayce,Khazix,Ryze,Varus,Lux,Gwen,Hecarim,Galio,Aphelios,Lulu,Red
KR_7567996091,2025-03-21 09:08:57.886000,32.95,Gwen,Naafiri,Qiyana,Xayah,Lulu,Gragas,Hecarim,Vex,Tristana,Blitzcrank,Blue
KR_7567961343,2025-03-21 08:35:04.506000,16.15,Akali,Hecarim,Aurora,Kaisa,Nautilus,Sett,Karthus,Zoe,Ashe,Leona,Blue
KR_7567904236,2025-03-21 07:37:03.225000,27.72,Ambessa,Karthus,Corki,Kaisa,Nautilus,Jayce,Hecarim,Qiyana,Xerath,Thresh,Red
KR_7564550939,2025-03-17 23:41:52.845000,24.13,Sett,Zyra,Orianna,Caitlyn,Kennen,Darius,Hecarim,Syndra,Aphelios,Lulu,Red
KR_7560462485,2025-03-14 18:30:19.118000,35.35,Camille,Lillia,Lissandra,Caitlyn,Neeko,Fiora,Viego,Azir,Kalista,Pyke,Red
KR_7560423631,2025-03-14 17:35:54.575000,33.7,Sion,Nidalee,Akshan,Ezreal,Neeko,Gwen,Zyra,Yone,Kalista,Rumble,Blue
KR_7560379499,2025-03-14 16:52:16.422000,21.02,Jax,LeeSin,Viktor,Ashe,Seraphine,Renekton,Zyra,Tryndamere,Varus,Neeko,Red
KR_7560344970,2025-03-14 16:27:36.784000,18.13,Jax,Zyra,Ambessa,Varus,Poppy,Irelia,Zac,Yone,Kaisa,Alistar,Blue
KR_7570697934,2025-03-23 06:08:24.061000,29.58,Gragas,Rengar,Neeko,Lucian,Braum,Ambessa,Ekko,Renekton,Draven,Poppy,Red
KR_7568675255,2025-03-21 16:23:17.504000,25.02,Fiora,Naafiri,Cassiopeia,Draven,Poppy,Gwen,RekSai,Hwei,Kaisa,Nautilus,Blue
KR_7568612323,2025-03-21 15:41:38.835000,28.57,Gwen,Viego,Tristana,Ezreal,Karma,Fiora,Lillia,Irelia,Varus,Neeko,Blue
KR_7568473128,2025-03-21 14:25:26.238000,32.47,Gwen,Naafiri,Akali,Corki,Pantheon,Fiora,Vi,Sylas,Kaisa,Alistar,Red
KR_7568129421,2025-03-21 11:11:00.353000,28.85,Lulu,LeeSin,Syndra,Ashe,Rakan,Jayce,Pantheon,Mel,Jhin,Neeko,Blue
KR_7566909062,2025-03-20 08:34:15.850000,8.68,Tryndamere,Lillia,Aurora,Tristana,Rell,Camille,Hecarim,AurelionSol,Jhin,Lux,Blue
KR_7566045301,2025-03-19 11:06:34.162000,23.57,Zac,Rengar,Ryze,Jhin,Karma,Trundle,Zyra,Zed,Ezreal,Senna,Red
KR_7558961547,2025-03-13 13:21:41.959000,25.07,Jayce,Pantheon,Orianna,Ezreal,Poppy,Nocturne,Nidalee,Azir,Jhin,Senna,Red
KR_7558451538,2025-03-13 04:41:02.929000,15.17,Fiora,Vi,Taliyah,Varus,Rakan,Vladimir,Kindred,Ekko,Ashe,Renata,Blue
KR_7568624075,2025-03-21 15:47:35.056000,23.38,Rumble,LeeSin,Xerath,Draven,Neeko,Galio,MonkeyKing,Ahri,Ezreal,Alistar,Red
KR_7567712947,2025-03-21 03:20:49.194000,38.95,Nidalee,Kayn,Ahri,Zeri,Yuumi,Ambessa,LeeSin,Annie,Anivia,Alistar,Red
KR_7567699456,2025-03-21 02:41:29.641000,22.87,Rumble,Pantheon,Ahri,Jinx,Rakan,KSante,Viego,Ambessa,Zeri,Nautilus,Red
KR_7571572611,2025-03-23 15:13:31.016000,15.23,Jayce,Kindred,Aurora,MissFortune,Poppy,Vladimir,Naafiri,Akali,Aphelios,Pantheon,Blue
KR_7570796711,2025-03-23 07:15:39.693000,28.28,Singed,Naafiri,Sylas,Jhin,Neeko,Kennen,LeeSin,TwistedFate,Varus,Rell,Blue
KR_7568250164,2025-03-21 12:29:52.404000,29.57,Fiora,Vi,Anivia,Ezreal,Poppy,Gwen,LeeSin,Azir,Xayah,Rakan,Red
KR_7560313488,2025-03-14 16:01:06.086000,18.1,Jayce,Nidalee,Mel,Ashe,Braum,Ambessa,Graves,Zoe,Jinx,Poppy,Red
KR_7560207624,2025-03-14 14:58:48.268000,28.98,Sion,Nocturne,Orianna,Varus,Rakan,Aurora,Vi,Sylas,Jhin,Bard,Red
KR_7559475780,2025-03-14 05:06:20.660000,28.02,Gangplank,Zyra,Yone,Corki,Blitzcrank,Aatrox,Vi,Leblanc,Draven,Senna,Red
KR_7559240698,2025-03-13 17:20:29.439000,28.83,Camille,Lillia,Irelia,Mel,Pantheon,Aatrox,Sejuani,Yone,Jhin,Nautilus,Red
KR_7559209370,2025-03-13 16:31:48.779000,32.02,Vladimir,Kindred,Ryze,Varus,Braum,Aatrox,Karthus,Jayce,Corki,Leona,Blue
KR_7571642993,2025-03-23 16:23:27.896000,34.48,Gwen,Nocturne,Aurora,Jhin,Poppy,Jax,Naafiri,Akali,Draven,Nautilus,Blue
KR_7571620443,2025-03-23 15:53:44.836000,20.72,Gwen,Naafiri,Aurora,Draven,Rell,Jayce,Vi,Ambessa,Ziggs,Neeko,Red
KR_7569734657,2025-03-22 12:38:05.792000,38.47,Aurora,Ekko,Smolder,Jinx,Rell,Ambessa,Karthus,Yone,Ezreal,Poppy,Blue
KR_7569673560,2025-03-22 12:03:31.103000,23.23,Rumble,Vi,Naafiri,Kaisa,Rakan,Jayce,Ekko,Galio,Jhin,Zilean,Blue
KR_7568743747,2025-03-21 17:27:53.114000,33.03,Jax,Shaco,Ryze,Yasuo,Senna,Gwen,Vi,Ambessa,Smolder,Rell,Red
KR_7568725468,2025-03-21 17:05:38.292000,15.22,Jayce,Vi,TwistedFate,Draven,Pyke,Rumble,Viego,Yone,Xayah,Rakan,Red
KR_7570155409,2025-03-22 16:15:05.868000,28.63,Jayce,Vi,Azir,Varus,Gragas,Ambessa,Viego,Syndra,AurelionSol,Alistar,Red
KR_7560443502,2025-03-14 18:00:41.192000,25.08,Sion,Graves,Zoe,Ezreal,Neeko,Tryndamere,Elise,Yone,Corki,Nautilus,Blue
KR_7560415005,2025-03-14 17:20:33.446000,28.08,KSante,Zyra,Jayce,Ashe,Braum,Irelia,Viego,Ryze,Corki,Karma,Blue
KR_7560346206,2025-03-14 16:22:34.981000,40.2,Kennen,Viego,Azir,Jhin,Karma,Rumble,LeeSin,Taliyah,Ezreal,Senna,Blue
KR_7560044772,2025-03-14 13:36:02.585000,25.63,Jayce,Volibear,Taliyah,Ezreal,Rell,KSante,Skarner,Aurora,Kaisa,Nautilus,Blue
KR_7559261566,2025-03-13 17:56:29.793000,21.78,KSante,Viego,Azir,Jhin,Seraphine,Vladimir,Vi,Yone,Kaisa,Poppy,Red
KR_7571273123,2025-03-23 12:16:23.640000,23.52,Ambessa,Naafiri,Sylas,Ezreal,Braum,Fiora,Zyra,Lissandra,Kalista,Alistar,Blue
KR_7568703789,2025-03-21 16:48:56.698000,15.33,Sylas,LeeSin,Ahri,Ezreal,Rell,Gnar,Vi,Orianna,Varus,Rakan,Red
KR_7568345245,2025-03-21 13:22:45.293000,26.25,Rumble,Rengar,Sylas,Ezreal,Taric,Urgot,Vi,Swain,Kaisa,Pyke,Red
KR_7568292736,2025-03-21 12:56:13.871000,15.23,Aatrox,Viego,TwistedFate,Varus,Leona,Tryndamere,LeeSin,Orianna,Ezreal,Alistar,Red
KR_7566546238,2025-03-19 18:12:43.437000,35.98,Jayce,LeeSin,Azir,Ezreal,Braum,Ambessa,Pantheon,Sylas,Tristana,Maokai,Blue
KR_7555167416,2025-03-09 15:46:09.928000,29.83,Nocturne,Zed,Syndra,MissFortune,Senna,Olaf,Karthus,Corki,Tristana,Lulu,Red
KR_7570365066,2025-03-22 21:45:17.788000,33.97,Rumble,Naafiri,Yasuo,Kaisa,Soraka,Jayce,Ekko,KSante,Varus,Leona,Red
KR_7570354501,2025-03-22 21:09:45.247000,18.9,Olaf,Kindred,Ahri,Ezreal,Leona,Camille,Talon,Malzahar,Ashe,Taliyah,Blue
KR_7570336767,2025-03-22 20:03:42.836000,34.87,Anivia,Gwen,Hwei,Varus,Lulu,Jayce,Naafiri,Sylas,Xerath,Leona,Blue
KR_7570265781,2025-03-22 17:52:20.688000,28.12,Gwen,Ekko,Yone,Xayah,Taric,Jayce,Vi,Vex,Jhin,Leona,Red
KR_7569785695,2025-03-22 13:04:00.682000,32.95,Ambessa,LeeSin,Malzahar,Ezreal,Neeko,Zac,Viego,Jayce,Mel,Nautilus,Blue
KR_7569714490,2025-03-22 12:26:07.519000,22.65,Gwen,Sejuani,Tryndamere,Tristana,Rakan,Jayce,Rengar,Sylas,Varus,Karma,Red
KR_7569664444,2025-03-22 11:57:41.449000,20.72,Jayce,Zed,Corki,AurelionSol,Leona,Ambessa,Zyra,Yone,Nilah,Senna,Blue
KR_7569606791,2025-03-22 11:22:51.096000,24.05,Sion,Kindred,Zilean,Kaisa,Leona,KSante,Zyra,MasterYi,Tristana,Soraka,Blue
KR_7569081723,2025-03-22 04:50:34.820000,42.37,Jayce,Vi,Neeko,Karthus,Karma,Sett,Naafiri,Corki,Xerath,Pantheon,Red
KR_7567511045,2025-03-20 16:30:02.713000,24.55,Rumble,Naafiri,Neeko,Corki,Sylas,Quinn,Kindred,Azir,Kaisa,Alistar,Red
KR_7567486048,2025-03-20 16:05:00.589000,15.23,Vladimir,Viego,Neeko,MissFortune,Rell,Gwen,LeeSin,Viktor,Kaisa,Elise,Red
KR_7567422134,2025-03-20 15:05:58.275000,25.37,Chogath,Vi,Taliyah,Ashe,Poppy,Pantheon,XinZhao,Ahri,Tristana,Braum,Blue
KR_7566569108,2025-03-19 19:18:28.875000,15.68,XinZhao,Karthus,Tryndamere,Ezreal,Senna,Rengar,Hecarim,Vladimir,Corki,Karma,Red
KR_7569448881,2025-03-22 09:30:43.661000,27.88,Gwen,Vi,Tristana,Ashe,Thresh,Sion,Nocturne,Ryze,MissFortune,Elise,Red
KR_7557706970,2025-03-12 10:11:09.818000,15.87,Jax,Lillia,Malzahar,Vayne,Elise,Gnar,Zac,Ryze,Jhin,Karma,Blue
KR_7552173570,2025-03-07 17:04:59.190000,32.62,Ryze,Viego,Viktor,Zeri,Rakan,Akshan,LeeSin,Syndra,Kaisa,Alistar,Blue
KR_7552147466,2025-03-07 16:40:29.141000,17.68,Aatrox,Zac,Yasuo,Ziggs,Rakan,Fiora,Viego,Sylas,Cassiopeia,Senna,Blue
KR_7551460066,2025-03-07 09:20:33.714000,20.43,Jayce,Graves,Sylas,Tristana,Poppy,Yone,LeeSin,Azir,Ezreal,Mel,Blue
KR_7571738593,2025-03-23 19:25:38.198000,17.77,Riven,RekSai,Zoe,Corki,Taliyah,Renekton,Viego,Sylas,Tristana,Lulu,Blue
KR_7571720933,2025-03-23 18:41:55.541000,34.65,Rumble,Taliyah,Akshan,Kalista,Pyke,Camille,RekSai,Ahri,Lucian,Nami,Red
KR_7571573635,2025-03-23 15:13:17.959000,27.25,Gangplank,Vi,Orianna,Ezreal,Soraka,Gwen,Zed,Yone,MissFortune,Seraphine,Blue
KR_7571300562,2025-03-23 12:34:12.490000,23.1,Jayce,Khazix,TwistedFate,Tristana,Sylas,Riven,Rengar,Orianna,MissFortune,Pyke,Blue
KR_7571691890,2025-03-23 17:32:50.733000,22.32,Jayce,Ambessa,Ryze,Corki,Pantheon,Fiora,Naafiri,Orianna,Jhin,Nautilus,Blue
KR_7571691571,2025-03-23 17:26:26.560000,1.98,Fiora,Nidalee,Galio,Ashe,Braum,Rell,Vi,Tristana,Ezreal,Gwen,Blue
KR_7571676304,2025-03-23 16:55:03.930000,16.58,Rumble,Viego,Neeko,Sivir,Pantheon,Gwen,Nidalee,Yone,Tristana,Rell,Blue
KR_7571805695,2025-03-24 01:16:42.652000,29.5,Ambessa,Hecarim,Galio,Lucian,Milio,Camille,FiddleSticks,Rumble,Tristana,Gragas,Blue
KR_7571800044,2025-03-24 00:41:17.423000,24.85,Poppy,FiddleSticks,Qiyana,Tristana,Rell,Udyr,Naafiri,Diana,Lucian,Pyke,Blue
KR_7571786425,2025-03-23 23:46:50.189000,39.45,KSante,MonkeyKing,Zoe,Ezreal,Leona,Sett,MasterYi,Yasuo,Mel,Taric,Blue
KR_7571308260,2025-03-23 12:35:50.054000,27.53,Jax,Vi,Aurora,Kaisa,Nautilus,Irelia,RekSai,Annie,AurelionSol,Rell,Red
KR_7571218840,2025-03-23 11:49:46.995000,30.9,KSante,FiddleSticks,Talon,Tristana,Nautilus,Darius,Graves,Zoe,Corki,Rell,Red
KR_7571150254,2025-03-23 11:07:58.746000,30.35,Ambessa,Zac,Talon,Kaisa,Rell,KSante,Vi,Annie,Varus,Neeko,Blue
KR_7571094423,2025-03-23 10:32:44.321000,26.2,KSante,RekSai,Azir,Draven,Poppy,Renekton,Zac,Katarina,Tristana,Taric,Blue
KR_7568370474,2025-03-21 13:36:56.793000,23.48,Camille,Nocturne,Talon,Mel,FiddleSticks,Gnar,Naafiri,Ekko,Ezreal,Neeko,Red
KR_7568290919,2025-03-21 12:57:00.305000,28.63,Aatrox,MasterYi,Sylas,Caitlyn,Karma,Irelia,Brand,Talon,Jhin,Nautilus,Red
KR_7564805420,2025-03-18 07:42:12.133000,25.03,Darius,LeeSin,Sylas,Tristana,Lulu,Sett,Vi,Aurora,Draven,Neeko,Blue
KR_7564784275,2025-03-18 07:16:08.203000,15.55,Aurora,Talon,Yone,Anivia,Pyke,Jayce,Vi,Ambessa,Ziggs,Pantheon,Red
KR_7564753165,2025-03-18 06:36:47.685000,32.5,Gragas,LeeSin,Yone,Anivia,Poppy,Jayce,Vi,Aurora,Tristana,Elise,Red
KR_7564729450,2025-03-18 06:05:54.388000,24.42,Darius,Kindred,Galio,Corki,Leona,Irelia,Pantheon,Taliyah,Draven,Braum,Blue
KR_7564711110,2025-03-18 05:34:54.267000,24.52,Jayce,Viego,Azir,Kaisa,Nautilus,Malphite,XinZhao,Sylas,Ezreal,Rakan,Red
KR_7567910014,2025-03-21 07:41:30.936000,15.33,Lulu,Viego,Akali,Draven,Blitzcrank,Ambessa,LeeSin,Orianna,Ezreal,Senna,Blue
KR_7567874298,2025-03-21 07:06:49.471000,28.25,Rengar,Naafiri,Syndra,Jhin,Leblanc,Ambessa,FiddleSticks,Tristana,Ashe,Senna,Blue
KR_7567834433,2025-03-21 06:22:58.174000,32.52,Singed,Karthus,Irelia,Lucian,Poppy,Gnar,Khazix,Ahri,Tristana,Nautilus,Red
KR_7567110505,2025-03-20 11:51:49.540000,27.33,Jayce,Gragas,Qiyana,Tristana,Pyke,Kled,LeeSin,Sylas,Kaisa,Nautilus,Red
KR_7566082734,2025-03-19 11:40:12.461000,23.53,Rumble,Pantheon,Varus,Kaisa,Ezreal,Akali,XinZhao,Lulu,Jhin,Senna,Red
KR_7563294715,2025-03-16 14:54:31.253000,37.9,Gnar,Skarner,Malzahar,Varus,Rell,Ambessa,LeeSin,Sylas,Corki,Nautilus,Blue
KR_7563215495,2025-03-16 14:05:22.849000,26.02,Aatrox,XinZhao,Orianna,Corki,Leona,Camille,Viego,Taliyah,Draven,Karma,Blue
KR_7563158161,2025-03-16 13:32:35.105000,15.57,Poppy,Sejuani,Orianna,Jinx,Braum,Ambessa,LeeSin,Anivia,Kaisa,Rakan,Blue
KR_7563085549,2025-03-16 12:57:06.150000,25.47,Irelia,Talon,Azir,Anivia,Senna,Gnar,Vi,Kassadin,Caitlyn,Lux,Red
KR_7566526005,2025-03-19 17:26:31.826000,23.48,Jayce,Sejuani,Sylas,MissFortune,Poppy,Vladimir,Vi,Anivia,Kaisa,Rakan,Red
KR_7566494986,2025-03-19 16:49:24.046000,29.65,Jax,Ambessa,Azir,Ezreal,Galio,Gwen,Talon,Qiyana,Zeri,Neeko,Blue
KR_7566452977,2025-03-19 15:58:50.618000,38.97,Gwen,LeeSin,Anivia,Ezreal,Senna,Nocturne,XinZhao,Hwei,Kaisa,Pantheon,Red
KR_7566409075,2025-03-19 15:10:14.381000,25.73,Rumble,Talon,Tristana,MissFortune,Gragas,Galio,Viego,Akali,Kaisa,Alistar,Blue
KR_7566350972,2025-03-19 14:32:51.953000,25.85,Rumble,Khazix,KSante,MissFortune,Elise,Jayce,Zac,Yasuo,Kaisa,Galio,Red
KR_7568743819,2025-03-21 17:27:52.066000,19.13,Rumble,LeeSin,Aurora,Corki,Bard,KSante,Karthus,Naafiri,Varus,Karma,Red
KR_7564419786,2025-03-17 16:20:47.298000,30.1,Aatrox,FiddleSticks,Ryze,Zeri,Lulu,Kennen,Nidalee,Corki,Ezreal,Bard,Red
KR_7564361060,2025-03-17 15:14:14.776000,19.28,Vladimir,Kindred,Viktor,Varus,Braum,Tryndamere,Graves,Hwei,Tristana,Lulu,Blue
KR_7570251084,2025-03-22 17:27:41.643000,16.13,Akali,Naafiri,Taliyah,Varus,Leona,Gwen,Poppy,Azir,Ezreal,Braum,Blue
KR_7570175248,2025-03-22 16:27:02.642000,24.17,Gwen,Rengar,Azir,Jhin,Karma,KSante,Naafiri,Aurora,Varus,Nautilus,Red
KR_7568870385,2025-03-21 23:39:48.477000,19.07,Poppy,Gwen,Yone,Varus,Pyke,Olaf,Viego,Taliyah,Kaisa,Rakan,Blue
KR_7568856701,2025-03-21 22:57:10.554000,30.02,Zilean,Hecarim,Fiora,Zeri,Lulu,Teemo,Sejuani,Zoe,Tristana,Yuumi,Blue
KR_7552525447,2025-03-08 04:35:44.857000,36.73,Ryze,LeeSin,Zed,Ezreal,TahmKench,Akali,Viego,Ekko,Kaisa,Thresh,Red
KR_7552489069,2025-03-08 03:51:44.646000,29.13,Malphite,Nunu,Smolder,Jinx,Lulu,Kled,Zyra,Swain,Caitlyn,Karma,Red
KR_7552446337,2025-03-08 03:05:20.038000,24.8,Draven,Qiyana,Ryze,Varus,Braum,KSante,Hecarim,Viktor,Aphelios,Thresh,Blue
KR_7571670668,2025-03-23 16:54:48.913000,26.65,Fiora,Lillia,Naafiri,MissFortune,Bard,Jayce,Viego,Azir,Ornn,Senna,Blue
KR_7571714015,2025-03-23 18:01:40.510000,15.23,Jayce,Ivern,Ahri,Ezreal,Bard,Ambessa,Skarner,Kassadin,Jhin,Rakan,Red
KR_7571698311,2025-03-23 17:33:01.389000,15.18,Kled,Naafiri,Sylas,Kaisa,Rakan,Jax,Lillia,Yone,Varus,Alistar,Blue
KR_7571557877,2025-03-23 15:01:13.104000,55.77,Gwen,RekSai,Aurora,MissFortune,Neeko,Ambessa,LeeSin,Galio,Varus,Elise,Red
KR_7571471118,2025-03-23 14:03:21.077000,30.48,Singed,Vi,Azir,Varus,Neeko,Gwen,Viego,Sylas,Ashe,Pyke,Blue
KR_7567552072,2025-03-20 17:27:24.787000,28.67,Fiora,Gwen,Jayce,Tristana,Alistar,Ambessa,Vi,Sylas,Varus,Neeko,Red
KR_7559226036,2025-03-13 16:48:24.687000,22.85,Kennen,Viego,Annie,Maokai,Senna,Jayce,Zyra,Corki,Jhin,Leona,Blue
KR_7558495445,2025-03-13 05:55:22.265000,35.97,Aatrox,LeeSin,Orianna,Jhin,Elise,Lulu,Talon,Akali,Jinx,Rell,Blue
KR_7558473084,2025-03-13 05:15:37.128000,27.98,Rumble,Volibear,Aurora,Varus,TahmKench,Lulu,Vi,Taliyah,Sivir,Rakan,Red
KR_7558449749,2025-03-13 04:42:14.028000,26.85,Poppy,LeeSin,Hwei,Ezreal,Karma,Lulu,Nidalee,Jayce,Tristana,Bard,Blue
KR_7571721360,2025-03-23 18:27:20.839000,22.33,Gwen,Viego,Sylas,Varus,Poppy,Vayne,XinZhao,Hwei,Ezreal,Alistar,Blue
KR_7559900287,2025-03-14 12:09:13.766000,25.43,Rumble,LeeSin,Lissandra,Ezreal,Rakan,KSante,Zyra,Yone,Varus,Karma,Red
KR_7558505517,2025-03-13 06:11:47.915000,15.52,Jayce,Kayn,Vladimir,Corki,Karma,Gangplank,Hecarim,Viktor,Caitlyn,Zoe,Red
KR_7558263065,2025-03-12 18:02:59.213000,38.87,Ambessa,Nidalee,Karma,Jhin,Alistar,Aatrox,Viego,Aurora,Ezreal,Leona,Red
KR_7558246199,2025-03-12 17:27:28.100000,24.1,Ivern,RekSai,Taliyah,Jhin,Bard,Aatrox,Volibear,Sylas,Ezreal,Karma,Red
KR_7558222110,2025-03-12 16:48:22.756000,30.28,KSante,RekSai,Cassiopeia,Ezreal,Leblanc,Vayne,FiddleSticks,Jayce,Kaisa,Maokai,Blue
KR_7571082406,2025-03-23 10:25:44.430000,32.18,Ambessa,Naafiri,Diana,Zeri,Rakan,Camille,Ekko,Zed,Kaisa,Nautilus,Blue
KR_7566486293,2025-03-19 16:28:55.656000,23.95,Aatrox,XinZhao,Aurora,Kaisa,Pyke,Gnar,Vi,Zoe,Xayah,Rakan,Red
KR_7566363304,2025-03-19 14:36:01.988000,18.4,Ambessa,XinZhao,Anivia,Tristana,Rakan,Darius,Sejuani,Yone,Kaisa,Poppy,Blue
KR_7566323079,2025-03-19 14:07:52.926000,22.72,Gnar,DrMundo,Anivia,Vayne,Lulu,Darius,Volibear,Azir,Kaisa,Nautilus,Blue
KR_7568681163,2025-03-21 16:26:29.011000,27.1,Vladimir,Vi,Sylas,Ashe,Mel,Gragas,Kindred,Yasuo,Jhin,Neeko,Red
KR_7568456551,2025-03-21 14:19:58.937000,26.45,Rumble,RekSai,Aurora,Vayne,Rakan,Mordekaiser,Gwen,Jayce,Jhin,Pyke,Red
KR_7571626081,2025-03-23 15:54:08.846000,33.25,Jax,Viego,Azir,Corki,Alistar,Gwen,Vi,Taliyah,Ezreal,Pantheon,Red
KR_7571520300,2025-03-23 14:33:47.622000,24.9,Riven,Kindred,Galio,AurelionSol,Poppy,Ambessa,Nocturne,Aurora,Jhin,Sylas,Blue
KR_7571015000,2025-03-23 09:42:03.283000,20.07,Poppy,LeeSin,Akali,Xayah,Pantheon,Urgot,Naafiri,Lulu,Kalista,Neeko,Red
KR_7570965470,2025-03-23 09:06:33.824000,23.0,Gwen,Rengar,Galio,Tristana,Neeko,Gragas,Vi,Sylas,MissFortune,Leona,Red
KR_7570923330,2025-03-23 08:38:14.435000,15.4,Jayce,Vi,Galio,Jhin,Pyke,Ambessa,Zac,Corki,Aphelios,Neeko,Red
KR_7571518165,2025-03-23 14:30:47.478000,30.72,Gwen,LeeSin,Ahri,Draven,Pyke,Fiora,Naafiri,Karma,Zeri,Rakan,Blue
KR_7570853481,2025-03-23 07:52:55.999000,24.98,Rumble,Zed,Irelia,Xayah,Rakan,Darius,Ivern,Galio,Kaisa,Pantheon,Blue
KR_7570454721,2025-03-23 02:11:04.383000,27.15,Aatrox,Lillia,Taliyah,Jhin,Alistar,Sett,Karthus,Orianna,Tristana,Rakan,Blue
KR_7565326420,2025-03-18 14:27:10.292000,32.32,Gragas,Rengar,Orianna,Yasuo,Senna,Riven,Zed,Cassiopeia,Jhin,Alistar,Blue
KR_7565247468,2025-03-18 13:37:49.045000,28.23,Jayce,Gwen,Tristana,Kaisa,Rell,Sion,Rengar,Zoe,Jhin,Gragas,Red
KR_7564914026,2025-03-18 09:38:27.302000,29.48,KSante,Zyra,Zed,Corki,Poppy,Warwick,Vi,Vladimir,Aphelios,Leona,Blue
KR_7564887363,2025-03-18 09:12:46.101000,18.27,Poppy,Vi,Taliyah,Aphelios,Janna,Warwick,Zac,KSante,Caitlyn,Elise,Blue
KR_7564394026,2025-03-17 15:45:48.106000,16.05,Ambessa,Pantheon,Sylas,Jhin,Rakan,Yone,Sejuani,Akali,Xayah,Pyke,Blue
KR_7571757870,2025-03-23 21:08:50.680000,30.78,Heimerdinger,Viego,Aurora,Tristana,Swain,Sylas,MasterYi,Hwei,Jhin,Alistar,Red
KR_7571253758,2025-03-23 12:09:34.129000,15.52,Lulu,Viego,Yone,Draven,Nautilus,Ornn,Vi,Ahri,Varus,Braum,Red
KR_7571095819,2025-03-23 10:37:13.887000,35.67,Rengar,Karthus,Naafiri,Corki,Rakan,Lulu,Talon,Diana,Tristana,Poppy,Blue
KR_7569766314,2025-03-22 12:51:54.409000,19.92,Ambessa,Nidalee,Akshan,Aphelios,Alistar,Lulu,Naafiri,TwistedFate,Tristana,Nautilus,Red
KR_7567539563,2025-03-20 17:17:37.610000,36.97,Gwen,Viego,Taliyah,Kaisa,Pyke,Ambessa,Volibear,Akali,Kalista,Poppy,Red
KR_7567521819,2025-03-20 16:51:36.106000,15.8,Gwen,LeeSin,Hwei,Draven,Blitzcrank,Fiora,Viego,Mel,Ezreal,Karma,Blue
KR_7567468660,2025-03-20 15:51:28.478000,28.92,Jayce,Nidalee,Karma,Tristana,Poppy,Fiora,Viego,Azir,Jhin,Nautilus,Red
KR_7566509597,2025-03-19 17:08:29.360000,33.0,Sion,Pantheon,Orianna,Kaisa,Alistar,Ryze,LeeSin,Zoe,Corki,Blitzcrank,Blue
KR_7570978733,2025-03-23 09:16:33.947000,15.33,Jayce,Zac,Sylas,Varus,Braum,Gragas,Talon,Akali,Corki,Leona,Blue
KR_7570312719,2025-03-22 19:02:32.329000,28.42,Aatrox,RekSai,Ahri,Ashe,Sett,Jayce,Zac,Riven,Kaisa,Maokai,Red
KR_7568537356,2025-03-21 14:59:48.407000,24.35,Vladimir,Naafiri,Sylas,MissFortune,Rakan,Gwen,Nocturne,Akali,Ezreal,Alistar,Red
KR_7567528077,2025-03-20 16:54:35.422000,15.72,Gwen,LeeSin,Ambessa,Kalista,Neeko,Rumble,Poppy,Yasuo,Ezreal,Karma,Blue
KR_7567504238,2025-03-20 16:26:29.822000,19.38,Gwen,Sejuani,Yone,Ezreal,Leona,Gnar,Zyra,Tristana,Draven,Alistar,Blue
KR_7571580968,2025-03-23 15:22:45.005000,15.47,Gnar,Kayn,Ryze,AurelionSol,Senna,Tryndamere,Vi,Sylas,Jhin,Pyke,Red
KR_7571513870,2025-03-23 14:33:07.571000,16.43,Sett,Vi,Taliyah,Karthus,Pantheon,Gwen,XinZhao,Xerath,Smolder,Rakan,Red
KR_7562443506,2025-03-16 06:32:24.422000,30.15,Jayce,Karthus,Yone,MissFortune,Rell,KSante,Ekko,Cassiopeia,Ezreal,Karma,Red
KR_7562391562,2025-03-16 05:57:16.637000,21.03,Rengar,Hecarim,Neeko,Tristana,Lulu,Rumble,Pantheon,Hwei,Ezreal,Karma,Blue
KR_7559628359,2025-03-14 08:05:42.074000,22.27,Rumble,Vi,Taliyah,Corki,Alistar,Warwick,LeeSin,Vladimir,Caitlyn,Karma,Blue
KR_7559588109,2025-03-14 07:21:50.931000,35.62,Warwick,LeeSin,Yone,Varus,Neeko,Rumble,Kindred,Jayce,Mel,Alistar,Blue
KR_7559539280,2025-03-14 06:28:43.299000,35.13,Aatrox,Viego,Viktor,Ezreal,Alistar,Singed,LeeSin,Taliyah,Tristana,Leona,Blue
KR_7571651724,2025-03-23 16:29:44.551000,26.05,Singed,LeeSin,Ryze,Tristana,Poppy,Zac,Vi,Naafiri,Ezreal,Neeko,Blue
KR_7570293560,2025-03-22 18:28:28.277000,30.98,Gwen,Vi,Ambessa,Kaisa,Alistar,Rumble,XinZhao,Yone,Zeri,Lulu,Blue
KR_7570257658,2025-03-22 17:39:54.731000,27.83,Gwen,Zed,TwistedFate,Ezreal,Neeko,Fiora,Sejuani,Talon,Kaisa,Rell,Blue
KR_7570210277,2025-03-22 16:52:36.185000,30.15,Fiora,Naafiri,TwistedFate,Varus,Nautilus,Cassiopeia,Talon,Yone,Ziggs,Rakan,Blue
KR_7569650356,2025-03-22 11:48:37.278000,19.75,Ambessa,Pantheon,Aurora,Tristana,Alistar,Riven,Vi,Syndra,Kaisa,Elise,Red
KR_7568022383,2025-03-21 09:35:41.406000,33.37,Darius,Zac,TwistedFate,Tristana,Pantheon,Vladimir,Vi,Katarina,Kaisa,Pyke,Blue
KR_7567159887,2025-03-20 12:27:35.634000,24.7,Rumble,LeeSin,Jayce,Mel,Pantheon,Azir,Zac,Zed,Jhin,Milio,Blue
KR_7566830165,2025-03-20 07:02:32.051000,28.8,Sion,Pantheon,Azir,Ezreal,Neeko,Aatrox,Zac,Katarina,Jhin,Pyke,Blue
KR_7565001866,2025-03-18 11:05:01.178000,35.85,Rumble,Vi,Corki,Ezreal,FiddleSticks,Jayce,Nidalee,Yone,Varus,Elise,Blue
KR_7571448495,2025-03-23 13:50:59.599000,15.18,Rumble,LeeSin,Sylas,Ezreal,Lux,Urgot,FiddleSticks,Naafiri,Varus,Pyke,Red
KR_7559871546,2025-03-14 11:49:58.076000,27.38,Renekton,Nidalee,Yone,Jhin,Senna,Heimerdinger,LeeSin,Viktor,Ashe,Blitzcrank,Blue
KR_7556728729,2025-03-11 10:16:04.080000,24.48,Nocturne,Lillia,Yasuo,Tristana,Rell,Zac,Karthus,Zed,Ezreal,Alistar,Blue
KR_7552122035,2025-03-07 16:20:20.863000,21.98,Gangplank,Darius,Zilean,Draven,Nautilus,Aatrox,Viego,Azir,Caitlyn,Neeko,Red
KR_7551782398,2025-03-07 13:16:01.520000,34.38,KSante,LeeSin,Katarina,Ezreal,Poppy,Vayne,Zac,Azir,Varus,Karma,Red
KR_7550929090,2025-03-06 16:02:38.736000,25.97,Ambessa,Karthus,Zed,Varus,Nautilus,Renekton,Zyra,Yasuo,Corki,Leona,Blue
KR_7569556548,2025-03-22 10:47:48.733000,35.38,Fiora,Poppy,Hwei,Jhin,Karma,Riven,Viego,Orianna,Tristana,Nautilus,Red
KR_7569489160,2025-03-22 09:55:56.642000,26.17,Aatrox,Nidalee,Akshan,Ezreal,Bard,Ambessa,LeeSin,Ryze,Kaisa,Blitzcrank,Blue
KR_7569249207,2025-03-22 07:01:47.440000,34.07,Warwick,Vi,Katarina,Jhin,Alistar,Gnar,LeeSin,Aurora,Aphelios,Neeko,Blue
KR_7570099107,2025-03-22 15:38:00.839000,23.42,Ambessa,Naafiri,Galio,Draven,Pyke,Karma,Nocturne,Azir,Varus,Rell,Red
KR_7569997000,2025-03-22 14:47:00.897000,28.5,Riven,LeeSin,Ahri,Kaisa,Nautilus,Ambessa,Vi,Aurora,Ezreal,Pantheon,Red
KR_7569130605,2025-03-22 05:32:59.298000,25.33,Jayce,Naafiri,Sylas,Varus,Karma,Gwen,Nocturne,Zed,MissFortune,Maokai,Red
KR_7567546177,2025-03-20 17:22:50.843000,20.85,Jayce,Vi,Viktor,Ezreal,Rakan,Irelia,Belveth,Sylas,Xayah,Alistar,Blue
KR_7566490448,2025-03-19 16:38:16.548000,25.77,Irelia,Lillia,Tristana,Ezreal,Alistar,Jayce,XinZhao,Ryze,Kaisa,Poppy,Blue
KR_7566406170,2025-03-19 15:05:10.612000,43.08,Jayce,LeeSin,Azir,Kaisa,Karma,Teemo,Vi,Ryze,Ezreal,Anivia,Blue
KR_7566241001,2025-03-19 13:17:20.739000,41.7,Gnar,Vi,Aurora,Ezreal,Rell,Jax,LeeSin,Ryze,Tristana,Anivia,Red
KR_7566186162,2025-03-19 12:42:21.958000,26.02,Jayce,Nidalee,Pantheon,Kaisa,Poppy,Irelia,Ambessa,Vladimir,Ezreal,Karma,Blue
KR_7571420603,2025-03-23 13:37:26.598000,15.28,Jax,Lillia,Tristana,Nilah,Pantheon,KSante,Viego,Aurora,Ashe,Senna,Red
KR_7568377583,2025-03-21 13:40:55.904000,23.52,Fiora,XinZhao,Jayce,Swain,Karma,Rumble,LeeSin,Ahri,Jinx,Nautilus,Red
KR_7568050617,2025-03-21 10:04:50.647000,29.8,Warwick,Vi,Ahri,MissFortune,Senna,Kennen,Zyra,Ambessa,Corki,Poppy,Blue
KR_7567953921,2025-03-21 08:34:01.741000,16.68,Singed,Viego,Azir,Ashe,Pantheon,Vladimir,Jax,Leblanc,Ezreal,Bard,Blue
KR_7569623155,2025-03-22 11:30:41.583000,32.93,Fiora,Talon,Taliyah,Tristana,Alistar,Zac,Viego,Orianna,Kaisa,Pyke,Blue
KR_7569318684,2025-03-22 07:55:02.387000,34.43,Aatrox,Viego,Vladimir,Ezreal,Nautilus,Yone,Nocturne,Viktor,Twitch,Bard,Blue
KR_7569266682,2025-03-22 07:18:46.613000,28.22,Ambessa,MonkeyKing,Ahri,Kaisa,FiddleSticks,Vladimir,Viego,Galio,Caitlyn,Bard,Blue
KR_7568176560,2025-03-21 11:44:41.589000,27.57,KSante,Nocturne,AurelionSol,Viktor,Neeko,Rumble,Vi,Galio,Kaisa,Rell,Red
KR_7571547365,2025-03-23 14:50:34.996000,33.93,Urgot,FiddleSticks,Neeko,Aphelios,Nautilus,Sejuani,Pantheon,Xerath,Ezreal,Karma,Red
KR_7571832577,2025-03-24 02:35:16.587000,16.02,Mordekaiser,XinZhao,Galio,Kaisa,Nautilus,Fiora,Ekko,Vex,Tristana,Poppy,Red
KR_7565632246,2025-03-19 02:26:47.047000,26.5,Yasuo,Khazix,Lissandra,Kaisa,Nautilus,Irelia,MasterYi,Leblanc,Aphelios,Neeko,Blue
KR_7563577954,2025-03-17 02:22:40.471000,35.37,Poppy,Pantheon,Syndra,Ezreal,Elise,Corki,Graves,Jayce,Mel,Bard,Red
KR_7563570332,2025-03-17 01:47:06.100000,28.28,Singed,Viego,TwistedFate,Varus,Annie,Rengar,Zyra,Jayce,Ezreal,Poppy,Red
KR_7560698436,2025-03-15 03:50:26.345000,15.97,Veigar,Taliyah,Yone,Ashe,Brand,Fiora,LeeSin,TwistedFate,Tristana,Karma,Red
KR_7570182288,2025-03-22 16:32:29.781000,24.98,Rumble,RekSai,Ambessa,Varus,Rell,Jayce,Lillia,TwistedFate,Tristana,Alistar,Blue
KR_7570129261,2025-03-22 15:56:18.511000,25.82,Jayce,RekSai,Ahri,Kaisa,Nautilus,Fiora,Sejuani,Ryze,Ezreal,Karma,Blue
KR_7570036422,2025-03-22 15:06:02.358000,37.27,Gwen,Vi,Ryze,Jhin,Leona,Jayce,Zyra,Tryndamere,Ezreal,Alistar,Red
KR_7569953510,2025-03-22 14:25:37.722000,30.0,Jayce,Karthus,Naafiri,Kaisa,Rell,Fiora,Zed,Ekko,Varus,Alistar,Blue
KR_7571457230,2025-03-23 13:55:02.292000,15.28,Ambessa,Viego,Taliyah,MonkeyKing,Senna,Ryze,XinZhao,Orianna,Ezreal,Poppy,Blue
KR_7571213022,2025-03-23 11:43:15.223000,16.62,Gwen,Kayn,TwistedFate,Ezreal,Nidalee,Irelia,Naafiri,Leblanc,Kaisa,Nautilus,Blue
KR_7569892517,2025-03-22 13:55:33.886000,25.38,Kled,Viego,Galio,Varus,Nautilus,Gwen,Diana,Yone,MissFortune,Rell,Blue
KR_7568740925,2025-03-21 17:26:39.174000,28.5,Gwen,Naafiri,Aurora,Kaisa,Pantheon,Nocturne,Talon,Orianna,Ezreal,Gragas,Red
KR_7567362732,2025-03-20 14:28:43.767000,34.72,Fiora,LeeSin,Orianna,Draven,Renata,Nocturne,Vi,Aurora,Kaisa,Blitzcrank,Red
KR_7566050044,2025-03-19 11:10:46.127000,31.13,Pantheon,Karthus,Zoe,Kaisa,Alistar,Nocturne,Gwen,Corki,Jhin,Poppy,Red
KR_7571592830,2025-03-23 15:31:23.279000,21.53,Kled,Evelynn,Zed,Kaisa,Nautilus,Urgot,Nidalee,Ambessa,Jhin,Rell,Red
KR_7568044922,2025-03-21 10:01:33.713000,25.57,Gwen,Rengar,Azir,Caitlyn,Lulu,Renekton,Graves,Sylas,Jhin,Nautilus,Blue
KR_7568024057,2025-03-21 09:34:32.986000,16.37,Gwen,Poppy,Yone,Varus,Maokai,Jayce,Naafiri,Sylas,Kaisa,Rell,Red
KR_7567339325,2025-03-20 14:12:34.355000,15.35,Ambessa,MonkeyKing,Sylas,Tristana,Rell,Gwen,Vi,Riven,Corki,Nautilus,Red
KR_7566486321,2025-03-19 16:29:24.949000,32.73,Gwen,Vi,Qiyana,Kaisa,Blitzcrank,Jax,Rengar,Azir,Ezreal,TahmKench,Blue
KR_7569701304,2025-03-22 12:17:01.682000,23.87,Camille,RekSai,Ekko,Jinx,Alistar,Warwick,Taliyah,Akshan,Tristana,Nautilus,Red
KR_7564481089,2025-03-17 17:52:30.858000,31.5,Ambessa,Belveth,Galio,Ezreal,Braum,Aatrox,Vi,Viktor,Kaisa,Nautilus,Red
KR_7570246405,2025-03-22 17:26:59.688000,26.77,Gnar,Zyra,Yone,Ezreal,Bard,Sylas,Kindred,Ahri,Zeri,Poppy,Blue
KR_7567582206,2025-03-20 18:36:44.421000,20.83,Camille,Naafiri,Azir,Ezreal,Nautilus,Olaf,Pantheon,Akali,Sivir,Neeko,Red
KR_7566297578,2025-03-19 13:54:38.844000,32.63,Aatrox,Gwen,Nocturne,Ashe,Elise,Urgot,Rammus,Katarina,Ezreal,Senna,Blue
KR_7566220883,2025-03-19 13:10:24.234000,35.57,Fiora,Poppy,Ekko,Xayah,Neeko,Nocturne,Viego,Aurora,Varus,Senna,Blue
KR_7566179481,2025-03-19 12:43:13.511000,15.27,Darius,Viego,Ryze,Xayah,Rakan,Gwen,Khazix,Jayce,Tristana,Lissandra,Red
KR_7566145355,2025-03-19 12:18:59.958000,15.4,Gwen,LeeSin,Lissandra,Tristana,Sett,Yone,Vi,Syndra,Jhin,Senna,Blue
KR_7565452358,2025-03-18 16:14:15.568000,28.53,Jax,Belveth,Taliyah,Ezreal,Senna,Rengar,Kindred,Galio,Jhin,Karma,Blue
KR_7566098862,2025-03-19 11:52:11.822000,27.58,Kled,Karthus,Tristana,Lucian,Nami,Gragas,Viego,KSante,Kaisa,Elise,Red
KR_7566070017,2025-03-19 11:26:14.571000,15.22,Gwen,Vi,Talon,Varus,Braum,Sett,Viego,Hwei,Draven,Senna,Blue
KR_7565436776,2025-03-18 16:01:42.043000,27.0,Sylas,Zyra,Zed,Ezreal,Karma,Camille,Taliyah,Yone,Varus,Leona,Blue
KR_7564968899,2025-03-18 10:38:48.829000,48.4,Urgot,Darius,Sylas,Varus,Nautilus,LeeSin,Viego,Hwei,Corki,FiddleSticks,Red
KR_7564919864,2025-03-18 09:51:26.449000,26.18,Ambessa,Viego,Zoe,Corki,Pantheon,Riven,Vi,Ahri,Varus,Rakan,Red
KR_7570872756,2025-03-23 08:07:19.757000,25.97,Ambessa,LeeSin,Sylas,Tristana,Poppy,Singed,Ekko,Yone,Corki,Nautilus,Red
KR_7570803019,2025-03-23 07:16:54.587000,21.23,Aatrox,Lillia,Irelia,MissFortune,Nautilus,Fiora,Viego,Galio,Ezreal,Karma,Blue
KR_7571548750,2025-03-23 14:54:46.625000,25.52,Aurora,Zac,Talon,Ezreal,Rakan,Urgot,LeeSin,Orianna,Jhin,Karma,Blue
KR_7571237128,2025-03-23 11:56:13.130000,27.18,Singed,Jax,Taliyah,Ezreal,Leona,Sejuani,Kindred,KSante,Twitch,Elise,Blue
KR_7568036777,2025-03-21 09:53:56.252000,26.17,Gwen,Kindred,Ahri,Jhin,Neeko,Jayce,Karthus,Pantheon,Varus,Karma,Blue
KR_7567871615,2025-03-21 07:07:51.313000,23.02,KSante,Karthus,Yone,Xerath,Nautilus,Gwen,Viego,Taliyah,Ezreal,Leona,Red
KR_7566787725,2025-03-20 06:12:35.304000,22.63,Ambessa,Belveth,Annie,Ezreal,Pyke,Ornn,Karthus,Yone,Jinx,Pantheon,Blue
KR_7566231518,2025-03-19 13:14:40.065000,35.15,Ambessa,Kindred,Galio,Varus,Renata,Camille,Nidalee,Zoe,Jhin,Karma,Red
KR_7564728473,2025-03-18 06:05:01.901000,25.23,Rumble,Vi,Ahri,MissFortune,Pyke,Jax,Viego,Sylas,Corki,Rell,Blue
KR_7556609552,2025-03-11 08:05:33.260000,24.87,Jayce,Vi,Velkoz,Jinx,Lulu,Zed,Nidalee,TwistedFate,Ezreal,Janna,Blue
KR_7555801455,2025-03-10 11:15:32.886000,24.52,Volibear,Vi,Ahri,Corki,Rakan,Gnar,Viego,Annie,Jinx,Poppy,Red
KR_7555762445,2025-03-10 10:42:21.944000,24.57,Ambessa,Viego,Sylas,Tristana,Nautilus,Aatrox,Ekko,Gragas,Corki,Rell,Red
KR_7555701866,2025-03-10 09:50:09.648000,33.02,Ambessa,Talon,Taliyah,Varus,Nautilus,Zac,Yorick,TwistedFate,Jhin,Karma,Red
KR_7567861094,2025-03-21 06:51:11.714000,29.92,Gwen,Viego,Sett,Vayne,Elise,Akali,Hecarim,Azir,Jhin,Nautilus,Blue
KR_7567822310,2025-03-21 06:05:37.814000,31.22,Ornn,Nidalee,Ambessa,Aphelios,Thresh,TwistedFate,Vi,Vladimir,Varus,Pyke,Blue
KR_7567366972,2025-03-20 14:34:07.740000,30.97,Ryze,Viego,Taliyah,Tristana,Alistar,Irelia,Nidalee,Diana,Corki,Rell,Red
KR_7567289064,2025-03-20 13:38:43.373000,32.88,Rengar,Vi,Syndra,Xayah,Poppy,Camille,Skarner,Diana,Tristana,Lulu,Blue
KR_7565438786,2025-03-18 16:05:44.995000,25.87,Gwen,Darius,Neeko,Ezreal,Poppy,Ambessa,Viego,Galio,Draven,Rell,Red
KR_7565413172,2025-03-18 15:32:20.459000,15.65,Aurora,Vi,Sylas,Ezreal,Karma,Rumble,Viego,Ahri,Ashe,Elise,Blue
KR_7565360235,2025-03-18 14:50:33.744000,15.7,Ambessa,Lillia,Zed,Anivia,Pyke,Jayce,Nidalee,Zoe,Varus,Poppy,Red
KR_7565107561,2025-03-18 12:15:51.056000,25.12,Renekton,Zyra,Pyke,Tristana,Rell,Gnar,Zac,Zed,Kaisa,Nautilus,Red
KR_7565049071,2025-03-18 11:34:04.618000,31.38,Gnar,Talon,Syndra,Tristana,Rell,KSante,Zyra,Riven,MissFortune,Alistar,Red
KR_7566466862,2025-03-19 16:11:21.554000,15.17,Gangplank,DrMundo,Leblanc,Varus,Neeko,Aatrox,LeeSin,Galio,Jhin,Pyke,Red
KR_7566126346,2025-03-19 12:05:37.031000,24.98,Gwen,Vi,Ahri,Aphelios,Nautilus,Naafiri,Shaco,Taliyah,Kaisa,Pyke,Blue
KR_7565928715,2025-03-19 09:23:17.374000,18.8,Aurora,LeeSin,Ryze,Zeri,Rakan,Ambessa,Khazix,Sylas,Ezreal,Leona,Red
KR_7565807944,2025-03-19 07:15:24.891000,30.23,KSante,MasterYi,Zoe,Ezreal,Pantheon,Renekton,Elise,Zed,Kaisa,Nautilus,Red
KR_7565780366,2025-03-19 06:35:38.700000,27.65,Gwen,Shaco,Zed,Kaisa,Gragas,Gnar,LeeSin,Ryze,Jhin,Alistar,Blue
KR_7569911769,2025-03-22 14:05:26.903000,29.78,Riven,Zyra,Talon,Ezreal,Nautilus,Fiora,Lillia,Zed,Kaisa,Pyke,Red
KR_7568787357,2025-03-21 18:22:53.464000,22.72,Aatrox,Talon,Azir,MissFortune,Rakan,Ryze,Vi,Taliyah,Ezreal,Pyke,Red
KR_7571245686,2025-03-23 12:04:58.832000,15.67,Gwen,Ambessa,Ryze,Kaisa,Blitzcrank,Zac,Lillia,Naafiri,Tristana,Thresh,Red
KR_7571637266,2025-03-23 16:06:45.260000,15.43,KSante,Naafiri,Sylas,Varus,Nautilus,Taric,Vi,Aurora,Jinx,Poppy,Red
KR_7567560791,2025-03-20 17:58:18.126000,33.88,Jayce,Viego,Azir,Xayah,Alistar,Rumble,Vi,Yone,Kaisa,Poppy,Blue
KR_7567527802,2025-03-20 17:03:11.014000,25.97,Jayce,Viego,Viktor,Kaisa,Alistar,Yasuo,LeeSin,Azir,Varus,Rell,Blue
KR_7566602017,2025-03-19 22:15:39.682000,19.52,Gwen,LeeSin,Syndra,Tristana,Pantheon,Jax,Viego,Ryze,Jhin,Maokai,Blue
KR_7566596229,2025-03-19 21:36:41.860000,28.45,Rumble,Zed,Talon,Tristana,Rell,Jayce,Karthus,Pantheon,Kaisa,Pyke,Red
KR_7571752778,2025-03-23 20:47:56.164000,22.53,Jayce,Karthus,Galio,Kaisa,Rakan,Ryze,Qiyana,Brand,Corki,Thresh,Blue
KR_7569550225,2025-03-22 10:41:42.181000,28.37,Kennen,Zed,Galio,Kaisa,Rell,Singed,Talon,Diana,Xayah,Rakan,Blue
KR_7569357967,2025-03-22 08:25:19.075000,27.73,Ambessa,Hecarim,Galio,Zeri,Pantheon,Kled,LeeSin,Leblanc,Ziggs,Rell,Blue
KR_7569296763,2025-03-22 07:40:21.054000,33.87,KSante,Lillia,Ambessa,Varus,Neeko,Renekton,Viego,TwistedFate,Jhin,Rell,Red
KR_7570327591,2025-03-22 19:35:37.098000,36.65,Ambessa,Zed,Ahri,Varus,Karma,Fiora,Nidalee,Viego,Ashe,Neeko,Blue
KR_7570317168,2025-03-22 19:00:46.500000,25.93,Ambessa,Pantheon,Ahri,Ezreal,Leona,Fiora,Hecarim,Sylas,Kaisa,Rell,Red
KR_7570280534,2025-03-22 18:07:28.231000,29.17,Ambessa,Nidalee,Aurora,Varus,Pantheon,Aatrox,Karthus,Zed,Jhin,Leona,Blue
KR_7570245753,2025-03-22 17:29:42.767000,23.65,Ambessa,Gwen,Yasuo,MissFortune,Elise,Rumble,Naafiri,Ekko,Kaisa,Alistar,Blue
KR_7570209354,2025-03-22 16:51:56.575000,17.38,Jayce,Naafiri,Taliyah,Ziggs,Poppy,KSante,Ambessa,Ekko,Kalista,Senna,Blue
KR_7571165883,2025-03-23 11:20:42.304000,39.28,Jayce,Zed,Lissandra,Kalista,Neeko,Ambessa,Nidalee,Qiyana,Draven,Poppy,Red
KR_7566582347,2025-03-19 20:29:08.115000,32.92,Aatrox,Gwen,Anivia,Draven,Leona,Akali,Hecarim,Ryze,Jhin,Neeko,Red
KR_7566577100,2025-03-19 19:53:16.241000,23.15,Akali,Vi,Ahri,Kaisa,Senna,Gwen,Pantheon,Sylas,Xayah,Rakan,Blue
KR_7570283984,2025-03-22 18:19:46.855000,23.47,Fiora,Vi,Taliyah,Kaisa,Pantheon,Jayce,Lillia,Ryze,Ezreal,Alistar,Blue
KR_7569222336,2025-03-22 06:42:13.271000,15.2,Cassiopeia,Hecarim,Naafiri,Ziggs,Rell,Pantheon,Viego,Sylas,Kaisa,Nautilus,Blue
KR_7569187277,2025-03-22 06:16:23.699000,15.72,Tryndamere,Viego,Vladimir,Heimerdinger,Alistar,Aatrox,LeeSin,Sylas,Varus,Gragas,Blue
KR_7569145401,2025-03-22 05:43:18.266000,16.58,Ambessa,Diana,Yasuo,Kaisa,Rell,Poppy,XinZhao,Akali,Draven,Nautilus,Red
KR_7566483028,2025-03-19 16:22:00.220000,35.03,Rumble,Kindred,Aurora,Aphelios,Braum,Gwen,Vi,Zoe,Jhin,Nautilus,Red
KR_7565537888,2025-03-18 19:11:47.356000,29.13,Camille,Belveth,Annie,Kaisa,Pyke,KSante,Vi,Ahri,Jinx,Leona,Red
KR_7563392054,2025-03-16 16:12:13.743000,15.82,Jayce,Briar,Sylas,Tristana,Braum,Rumble,Viego,Ryze,Kaisa,Alistar,Blue
KR_7564630825,2025-03-18 03:30:07.987000,29.77,Ambessa,Talon,Sylas,Swain,Pyke,Darius,MonkeyKing,Galio,Anivia,Xerath,Red
KR_7564601537,2025-03-18 02:17:15.366000,31.45,Poppy,Rengar,Sylas,Mel,Camille,Gangplank,Graves,Vex,Varus,Galio,Blue
KR_7562253279,2025-03-16 04:06:39.015000,32.4,Jayce,Vi,Sylas,Ezreal,Karma,Poppy,Zyra,Ambessa,Jhin,Leblanc,Blue
KR_7562166492,2025-03-16 02:24:10.718000,27.03,Poppy,Nunu,Kassadin,Ezreal,Nautilus,Gnar,Pantheon,Sylas,Velkoz,Karma,Blue
KR_7559349493,2025-03-14 00:14:13.661000,15.88,Darius,Karthus,Heimerdinger,Jinx,Blitzcrank,Kennen,Hecarim,Irelia,Varus,Yuumi,Red
KR_7558828105,2025-03-13 11:52:33.436000,28.65,Aurora,Graves,Viktor,MissFortune,Nautilus,Ryze,Viego,Syndra,Ezreal,Karma,Blue
KR_7558774732,2025-03-13 11:17:13.950000,16.37,Poppy,Ivern,Caitlyn,MissFortune,Leona,Darius,Hecarim,Azir,Xerath,Nautilus,Red
KR_7557874498,2025-03-12 12:21:09.584000,45.85,Cassiopeia,Diana,Yasuo,MissFortune,Rell,Ambessa,XinZhao,Syndra,Varus,Neeko,Red
KR_7557825931,2025-03-12 11:51:02.216000,23.52,Nocturne,Vi,Zoe,Ezreal,Leona,Aatrox,Kindred,Syndra,Varus,Renata,Blue
KR_7555855064,2025-03-10 11:50:51.674000,28.7,Volibear,LeeSin,Syndra,Ezreal,Leona,Kennen,Viego,Hwei,Jinx,Blitzcrank,Blue
KR_7566695716,2025-03-20 03:37:10.860000,22.78,Gnar,Naafiri,Diana,Kaisa,Nautilus,Malphite,LeeSin,Leblanc,Ezreal,Heimerdinger,Blue
KR_7566652842,2025-03-20 02:02:05.137000,28.77,Sylas,LeeSin,Malzahar,Ezreal,Elise,Aurora,XinZhao,Vex,Varus,Kennen,Red
KR_7566610225,2025-03-19 23:13:32.708000,1.72,Fiora,Zed,Ahri,Kalista,Ashe,Poppy,Zyra,Kled,Ezreal,Kennen,Red
KR_7566592310,2025-03-19 21:28:09.285000,19.8,Olaf,Hecarim,Jayce,Varus,Kennen,Camille,Pantheon,Ahri,Kaisa,Pyke,Blue
KR_7566581333,2025-03-19 20:28:11.370000,15.17,KSante,Khazix,Vladimir,Jhin,Kennen,Udyr,Nidalee,Zed,Ezreal,Pyke,Blue
KR_7566784589,2025-03-20 06:07:27.820000,19.42,Gwen,Nunu,Yone,Ezreal,Leona,Renekton,Naafiri,Sylas,Kaisa,Nautilus,Red
KR_7565510601,2025-03-18 17:51:56.022000,30.2,Camille,Graves,Tristana,Ziggs,Neeko,Darius,LeeSin,Vladimir,MissFortune,Leblanc,Blue
KR_7565109463,2025-03-18 12:18:04.411000,30.35,Jayce,Karthus,Yone,Ezreal,Neeko,Ambessa,Lillia,Zed,Corki,Karma,Blue
KR_7564800265,2025-03-18 07:33:56.347000,18.57,Rumble,Hecarim,Ryze,Varus,Galio,Fiora,Nidalee,Ambessa,Ezreal,Neeko,Blue
KR_7569281005,2025-03-22 07:22:46.228000,31.32,Ambessa,Diana,Yasuo,Draven,Nautilus,Jayce,Karthus,Gangplank,Xayah,Neeko,Red
KR_7569217740,2025-03-22 06:42:06.144000,30.07,Aatrox,LeeSin,Vladimir,Corki,Swain,Kled,Lillia,Gangplank,Draven,Pyke,Red
KR_7567769517,2025-03-21 04:53:55.128000,25.8,Sion,Gwen,Irelia,Kaisa,Pyke,Aatrox,Hecarim,Gangplank,Hwei,Rakan,Red
KR_7567750041,2025-03-21 04:14:18.511000,28.67,Gwen,Lillia,Gangplank,Ezreal,Poppy,Irelia,Naafiri,Azir,Tristana,Lulu,Blue
KR_7570056552,2025-03-22 15:16:47.576000,26.18,Jayce,Zac,Qiyana,Kaisa,Rakan,Irelia,MonkeyKing,Viktor,Corki,Rell,Blue
KR_7570000872,2025-03-22 14:49:22.232000,20.87,Fiora,Talon,Aurora,Aphelios,Nautilus,Renekton,Zyra,Qiyana,Kaisa,Rell,Blue
KR_7555797226,2025-03-10 11:08:06.704000,31.02,Sylas,Qiyana,Malphite,Ezreal,Bard,Swain,Gragas,Kled,Ashe,Rakan,Blue
KR_7555270076,2025-03-09 18:07:31.493000,20.13,Renekton,Karthus,Qiyana,Tristana,Rengar,Jax,MonkeyKing,Sylas,Ezreal,TahmKench,Blue
KR_7552243276,2025-03-07 18:21:59.179000,36.62,Sion,Lillia,Qiyana,Jinx,Karma,Lulu,Rengar,Viktor,Ezreal,Nautilus,Red
KR_7569417650,2025-03-22 09:06:48.721000,27.3,Aatrox,Vi,Akali,Ezreal,Xerath,Garen,Karthus,Corki,Zeri,Karma,Red
KR_7568546806,2025-03-21 15:07:39.641000,18.57,Ambessa,Belveth,Sylas,Zeri,Gragas,Aatrox,Vi,Aurora,Draven,Rell,Blue
KR_7567226455,2025-03-20 13:04:53.100000,16.42,DrMundo,Naafiri,Taliyah,Jhin,Pyke,Aatrox,LeeSin,Aurora,Varus,Lulu,Blue
KR_7564820577,2025-03-18 08:00:03.352000,18.18,DrMundo,XinZhao,Ahri,Jhin,FiddleSticks,Aatrox,Vi,Galio,Tristana,Neeko,Red
KR_7563431650,2025-03-16 17:11:37.592000,19.13,DrMundo,Ambessa,Aurora,Kaisa,Neeko,Sejuani,Vi,Mel,Ezreal,Karma,Red
KR_7563391921,2025-03-16 16:21:41.399000,32.77,Vladimir,Pantheon,Galio,Ezreal,Poppy,Ambessa,Vi,Azir,Jhin,Bard,Red
KR_7562006915,2025-03-15 18:55:32.575000,30.17,DrMundo,Viego,Aurora,Sivir,Karma,Ambessa,Vi,Leblanc,Anivia,Senna,Red
KR_7563471935,2025-03-16 18:37:58.500000,20.18,Ambessa,Zac,TwistedFate,Ezreal,Senna,Jayce,Darius,Azir,Varus,Alistar,Red
KR_7563454656,2025-03-16 17:51:47.851000,25.52,Rumble,Amumu,Nasus,Corki,Senna,Aatrox,Vi,Vex,MissFortune,Rell,Blue
KR_7565725485,2025-03-19 05:19:54.457000,24.65,Kennen,Viego,Azir,Jhin,Maokai,Ryze,JarvanIV,Talon,Ezreal,Karma,Blue
KR_7565695195,2025-03-19 04:28:51.020000,22.88,LeeSin,XinZhao,Aurora,Varus,Renata,Ambessa,Nidalee,Pantheon,Tristana,Elise,Red
KR_7565519256,2025-03-18 18:04:19.997000,29.3,Gnar,Nidalee,Yone,Corki,Rell,Irelia,Vi,Azir,Tristana,Zoe,Red
KR_7569581676,2025-03-22 11:05:11.403000,23.67,Lulu,Briar,Orianna,Ezreal,Neeko,Kled,Gwen,Jayce,Jhin,FiddleSticks,Blue
KR_7568852217,2025-03-21 21:49:37.991000,27.15,Warwick,Viego,Kennen,Kaisa,Rakan,Jayce,Vi,Aurora,Varus,FiddleSticks,Red
KR_7568846212,2025-03-21 21:12:54.373000,27.78,Poppy,Belveth,Neeko,Caitlyn,Morgana,Garen,Kayn,Karma,Varus,Lulu,Blue
KR_7571633574,2025-03-23 16:08:16.416000,27.1,Irelia,Lillia,Talon,Jhin,Poppy,Ambessa,Gwen,Jayce,Ornn,Senna,Red
KR_7561041934,2025-03-15 08:25:18.904000,14.15,Jayce,Zyra,Qiyana,Kaisa,Annie,Darius,Ekko,Irelia,Tristana,Elise,Red
KR_7561013228,2025-03-15 08:00:47.507000,15.87,Aurora,Viego,Sylas,Tristana,Senna,Gragas,Nidalee,Jayce,Varus,Caitlyn,Blue
KR_7560971267,2025-03-15 07:32:18.537000,21.7,Singed,Vi,Ambessa,Tristana,Senna,Urgot,Elise,Yone,Jhin,Pantheon,Blue
KR_7560929025,2025-03-15 07:01:03.475000,15.55,Vladimir,Nocturne,Ahri,Tristana,Pantheon,Sion,Vi,Corki,Ziggs,Rakan,Blue
KR_7558322043,2025-03-12 22:23:53.214000,31.2,Kennen,Nocturne,Neeko,Nilah,Rell,Jayce,LeeSin,Sylas,Tristana,Rakan,Red
KR_7571654586,2025-03-23 16:31:52.318000,18.83,Ambessa,Zed,Ahri,Ezreal,Leona,Gwen,Vi,Zoe,Jhin,Neeko,Blue
KR_7567234066,2025-03-20 13:08:16.445000,15.2,Riven,Nocturne,Ahri,Jhin,Lux,Singed,Vi,Varus,Seraphine,Rell,Blue
KR_7567111348,2025-03-20 11:51:21.317000,19.22,Gwen,LeeSin,Galio,Kaisa,Rell,Ambessa,Karthus,Zed,Caitlyn,Lux,Blue
KR_7566969979,2025-03-20 09:48:36.112000,24.1,Sion,Viego,Aurora,MissFortune,Neeko,Gwen,LeeSin,Galio,Ashe,Karma,Blue
KR_7571656904,2025-03-23 16:36:40.164000,27.53,Jax,FiddleSticks,Azir,Lucian,Yuumi,Teemo,Skarner,Akshan,Kalista,Nautilus,Blue
KR_7565367342,2025-03-18 14:55:05.952000,21.87,Tryndamere,Karthus,Ambessa,Kaisa,Senna,Irelia,Ivern,Taliyah,Ezreal,Pantheon,Blue
KR_7585490799,2025-04-04 17:14:48.962000,28.67,Sett,Maokai,Yone,Kaisa,Nautilus,Gnar,XinZhao,Azir,Vayne,Nidalee,Red
KR_7585430740,2025-04-04 16:30:56.033000,20.75,Ambessa,Vi,Taliyah,Varus,Karma,Aatrox,Talon,Ahri,Kalista,Neeko,Red
KR_7585340561,2025-04-04 15:38:16.107000,31.42,Jayce,Viego,Aurora,Draven,Rakan,Fiora,Talon,Ahri,Kaisa,Elise,Red
KR_7585279986,2025-04-04 15:10:34.735000,18.33,Rumble,Viego,Taliyah,Ashe,Rell,Ryze,LeeSin,Aurora,Ezreal,Poppy,Blue
KR_7585023072,2025-04-04 13:15:09.849000,24.6,Anivia,LeeSin,TwistedFate,Varus,Karma,KSante,Viego,Ahri,Corki,Neeko,Blue
KR_7592849200,2025-04-09 13:50:20.260000,15.3,Yasuo,Lillia,Irelia,Kaisa,Poppy,Sion,Ekko,Jayce,Jhin,Rell,Blue
KR_7591219967,2025-04-08 10:23:11.486000,21.85,Jayce,Naafiri,Ahri,Corki,Alistar,Gwen,XinZhao,Talon,Ezreal,Nautilus,Blue
KR_7590553785,2025-04-07 17:03:16.848000,46.27,Fiora,Gwen,Corki,Ezreal,Pantheon,Aurora,Vi,Varus,Zeri,Nautilus,Blue
KR_7590514479,2025-04-07 16:15:53.051000,32.05,Fiora,Poppy,Azir,Xayah,Elise,Gwen,Vi,Taliyah,Kaisa,Nautilus,Red
KR_7589588019,2025-04-07 05:17:52.670000,25.63,Jayce,Brand,LeeSin,Varus,Leona,Irelia,Viego,Ryze,Jinx,Pantheon,Red
KR_7591854253,2025-04-08 17:32:14.904000,25.32,Fiora,Sejuani,Taliyah,Jinx,TahmKench,Gnar,Poppy,Orianna,Ezreal,Karma,Red
KR_7591826523,2025-04-08 16:54:40.339000,18.27,Fiora,Pantheon,Ahri,Tristana,Rakan,Lucian,Poppy,Anivia,Corki,Alistar,Red
KR_7591797881,2025-04-08 16:25:42.511000,18.47,Jax,Zac,Taliyah,Kaisa,Pyke,Sion,LeeSin,Sylas,Ezreal,Karma,Blue
KR_7591757561,2025-04-08 15:45:39.204000,24.62,Jayce,Taliyah,Anivia,MissFortune,Alistar,Sion,MonkeyKing,Viktor,Ezreal,Rakan,Red
KR_7591703562,2025-04-08 15:06:46.331000,22.07,Jayce,Viego,Ahri,Kalista,Renata,Gwen,Sejuani,Yone,Ashe,Neeko,Blue
KR_7588173174,2025-04-06 07:05:43.870000,32.2,Jayce,Hecarim,Ahri,Chogath,Nautilus,Aatrox,Naafiri,Orianna,Smolder,Rell,Blue
KR_7586112009,2025-04-05 06:05:30.104000,23.52,Ambessa,Naafiri,Ahri,Corki,Karma,Ryze,Hecarim,Neeko,Lucian,Pantheon,Red
KR_7586000166,2025-04-05 04:55:51.269000,25.62,Gwen,Pantheon,Lissandra,AurelionSol,Rell,Warwick,Hecarim,Gangplank,Corki,Neeko,Red
KR_7585922615,2025-04-05 04:04:14.403000,30.8,Gwen,Hecarim,TwistedFate,MissFortune,FiddleSticks,Jax,Shaco,Orianna,Lucian,Galio,Red
KR_7582861085,2025-04-03 04:44:56.536000,29.6,Gnar,Nidalee,Zed,Corki,Sylas,Rumble,Hecarim,Ahri,Ezreal,Rell,Red
KR_7591862139,2025-04-08 17:41:11.386000,27.15,Jayce,Kindred,Galio,Aphelios,Lulu,Fiora,LeeSin,Ryze,Ezreal,Elise,Red
KR_7591840389,2025-04-08 17:10:32.626000,15.15,Jayce,Naafiri,Ahri,Ezreal,Braum,Akali,Vi,Zoe,Kaisa,Rakan,Blue
KR_7591800090,2025-04-08 16:20:41.435000,28.23,Aatrox,Naafiri,Anivia,Varus,Pyke,Gnar,Vi,Ahri,Kaisa,Bard,Red
KR_7593126975,2025-04-09 17:51:37.894000,25.12,Olaf,Sejuani,Tryndamere,Zeri,Alistar,Sion,Naafiri,Viktor,Ezreal,Leona,Blue
KR_7593109059,2025-04-09 17:08:37.596000,28.1,Renekton,Vi,Taliyah,Varus,Poppy,Gangplank,Gwen,Yone,Xayah,Alistar,Blue
KR_7593064010,2025-04-09 16:18:56.282000,29.43,Anivia,Skarner,Yone,Ezreal,Gragas,Sion,XinZhao,Ahri,Corki,Alistar,Red
KR_7593019929,2025-04-09 15:44:19.218000,19.37,Urgot,Poppy,Taliyah,Kaisa,Elise,Cassiopeia,Viego,Hwei,Zeri,Rakan,Red
KR_7590568991,2025-04-07 17:26:25.720000,28.63,Gwen,MonkeyKing,Aurora,Sivir,Blitzcrank,Sett,Pantheon,Azir,Kaisa,Elise,Red
KR_7592940134,2025-04-09 14:41:40.729000,28.12,Jayce,Skarner,Viktor,Aphelios,Pantheon,Renekton,Viego,Vex,Zeri,Lulu,Blue
KR_7592393628,2025-04-09 08:53:56.907000,38.67,Jayce,Nidalee,Irelia,Yasuo,Blitzcrank,Jax,Lillia,Lucian,Kaisa,Nautilus,Red
KR_7592354587,2025-04-09 08:15:40.617000,24.8,Irelia,LeeSin,Sylas,Ziggs,Leona,KSante,Viego,Katarina,MissFortune,Zoe,Red
KR_7593161276,2025-04-09 18:50:00.406000,15.2,Ambessa,Poppy,Azir,MissFortune,Pantheon,Gwen,Vi,Taliyah,Lucian,Nami,Blue
KR_7593146141,2025-04-09 18:12:40.614000,15.38,Jayce,Lillia,Yone,Kalista,Neeko,Irelia,Naafiri,Galio,Nilah,Pantheon,Red
KR_7593094207,2025-04-09 16:54:19.744000,28.58,DrMundo,Volibear,Ahri,Varus,Alistar,Mordekaiser,XinZhao,Sylas,Ezreal,Neeko,Red
KR_7590545598,2025-04-07 16:50:04.240000,29.22,Gangplank,Vi,Ahri,Varus,Rakan,Ambessa,Nidalee,Sylas,Jhin,Neeko,Red
KR_7592731163,2025-04-09 12:47:20.189000,15.98,Rumble,Talon,Viktor,Ezreal,Alistar,Sion,Ekko,Orianna,Kaisa,Pyke,Red
KR_7592631916,2025-04-09 11:55:52.428000,31.62,Gragas,LeeSin,Qiyana,Aphelios,Alistar,Riven,Vi,Orianna,Corki,Nocturne,Red
KR_7592588252,2025-04-09 11:22:15.294000,21.65,Jayce,Gwen,TwistedFate,Yasuo,Neeko,Sion,Zac,Tristana,Kaisa,Soraka,Blue
KR_7591700469,2025-04-08 15:03:36.463000,38.32,Rumble,Evelynn,Corki,Draven,Rell,Jayce,Pantheon,TwistedFate,Caitlyn,Braum,Red
KR_7591629226,2025-04-08 14:19:41.391000,26.23,Gnar,Pantheon,Azir,Jhin,Elise,Sylas,LeeSin,Orianna,Kaisa,Rell,Blue
KR_7590544053,2025-04-07 16:43:09.583000,28.98,Jayce,Gwen,Zed,Mel,Pyke,Rumble,Talon,Taliyah,Jhin,Alistar,Red
KR_7590494416,2025-04-07 15:58:14.121000,18.85,Gangplank,LeeSin,Ahri,Varus,Karma,Rumble,Shaco,Ryze,Jhin,Lux,Blue
KR_7590436587,2025-04-07 15:14:30.171000,33.95,Ambessa,Nocturne,Orianna,Kaisa,Pantheon,Gwen,MonkeyKing,Corki,Jhin,Gragas,Blue
KR_7589697577,2025-04-07 07:16:38.346000,38.58,Gnar,Vi,Zoe,Corki,Nami,Jax,Taliyah,Irelia,Varus,TahmKench,Red
KR_7593027838,2025-04-09 15:49:53.174000,17.28,Jayce,Naafiri,Ahri,Jhin,Pantheon,Rumble,Vi,Anivia,Ezreal,Rakan,Blue
KR_7591809246,2025-04-08 16:32:04.429000,21.55,Irelia,MonkeyKing,Azir,Varus,Karma,Renekton,Viego,Ekko,Jhin,Elise,Red
KR_7591781266,2025-04-08 16:06:13.511000,15.22,Aurora,Naafiri,Sion,Ashe,Lulu,Gangplank,Elise,Tristana,Jhin,Sylas,Blue
KR_7592306501,2025-04-09 07:30:32.327000,16.35,Varus,Gwen,Tristana,Ashe,Braum,Jayce,LeeSin,Akali,Kaisa,Neeko,Blue
KR_7591843492,2025-04-08 17:19:11.685000,15.33,Jayce,Gwen,Tristana,Xayah,Rakan,Fiora,Ekko,Corki,Kaisa,Alistar,Blue
KR_7591805737,2025-04-08 16:33:53.970000,30.45,Sion,Naafiri,Zoe,Aphelios,Neeko,Shen,Lillia,Jayce,Kaisa,Pyke,Red
KR_7591774146,2025-04-08 15:58:45.165000,28.28,Yorick,XinZhao,Hwei,Ezreal,Rell,Fiora,Zed,Zoe,Jhin,Rakan,Blue
KR_7593150729,2025-04-09 18:36:06.603000,21.82,Gnar,Skarner,Azir,Kaisa,Alistar,Urgot,Kayn,Taliyah,Jinx,Braum,Blue
KR_7593139628,2025-04-09 18:06:59.113000,15.2,Ryze,LeeSin,Ahri,Tristana,Nautilus,Yorick,Nidalee,Yone,Ezreal,Poppy,Blue
KR_7593050728,2025-04-09 16:10:44.252000,16.52,Ryze,LeeSin,Leblanc,MissFortune,Leona,Ambessa,Vi,Azir,Ezreal,Alistar,Blue
KR_7593013431,2025-04-09 15:37:54.571000,23.98,Ambessa,Karthus,Sylas,Varus,Poppy,Gwen,Viego,Ryze,Sivir,Alistar,Blue
KR_7592952340,2025-04-09 14:52:19.876000,29.03,Jayce,Nidalee,Yone,Kaisa,Elise,Sion,Hecarim,Azir,Ezreal,Karma,Blue
KR_7585610611,2025-04-04 19:56:53.212000,24.67,Galio,Viego,Tristana,MissFortune,Rakan,Rumble,Graves,Diana,Ashe,Braum,Blue
KR_7585589567,2025-04-04 19:12:24.460000,33.45,Sett,Lillia,Yasuo,MissFortune,Pantheon,Aatrox,Viego,Taliyah,Mel,Nautilus,Blue
KR_7585562213,2025-04-04 18:23:40.640000,29.07,Ambessa,Gwen,Pantheon,Caitlyn,Karma,Jayce,Lillia,Yone,Ezreal,Senna,Red
KR_7585513346,2025-04-04 17:31:34.281000,34.52,Gwen,RekSai,Aurora,Varus,Poppy,Jayce,Naafiri,Sylas,Corki,Gragas,Red
KR_7585426412,2025-04-04 16:26:05.491000,34.7,Aatrox,Sejuani,Ahri,Jhin,Neeko,Fiora,RekSai,Sylas,Ashe,Renata,Blue
KR_7593125558,2025-04-09 17:43:38.046000,16.62,Jayce,Lillia,Yone,Tristana,Gragas,Sion,Viego,Aurora,Kaisa,Alistar,Blue
KR_7593111394,2025-04-09 17:18:06.622000,16.25,Nidalee,XinZhao,Azir,Varus,Elise,Yorick,Vi,Taliyah,Jhin,Alistar,Red
KR_7593080695,2025-04-09 16:42:15.185000,27.5,Renekton,Kindred,Karma,Karthus,Poppy,Gnar,Ekko,Ambessa,Kaisa,Elise,Red
KR_7593014626,2025-04-09 15:39:35.819000,30.0,Yorick,Skarner,Ahri,Jhin,Poppy,Ambessa,Vi,Azir,Kaisa,Elise,Red
KR_7590883872,2025-04-08 04:57:51.748000,28.08,Yorick,Zyra,Ahri,Ezreal,Pyke,Jayce,LeeSin,Orianna,Jhin,Karma,Blue
KR_7590444466,2025-04-07 15:20:13.888000,22.1,Galio,Zac,Tristana,Corki,Milio,Fiora,Naafiri,Viktor,Varus,Bard,Red
KR_7590056784,2025-04-07 11:51:41.850000,19.92,Gwen,Vi,Azir,Kaisa,Rakan,Sett,Viego,Zoe,Jhin,Alistar,Blue
KR_7589976355,2025-04-07 10:59:27.836000,18.6,Jax,Darius,Malzahar,Ezreal,Leona,Vladimir,Belveth,Lulu,Kaisa,Pantheon,Red
KR_7589882663,2025-04-07 09:56:30.444000,24.38,Riven,Viego,Aurora,Jhin,Pantheon,Vladimir,Vi,Malzahar,Lucian,Braum,Blue
KR_7593102991,2025-04-09 17:14:06.266000,29.28,Jayce,Zac,Corki,Ezreal,Neeko,Ambessa,Nunu,Anivia,Kaisa,Pantheon,Blue
KR_7592704961,2025-04-09 12:37:32.927000,29.37,Jayce,Viego,Sylas,Ashe,Neeko,Irelia,Hecarim,Ahri,Aphelios,Rakan,Red
KR_7591785124,2025-04-08 16:07:18.046000,27.97,Volibear,Naafiri,Tristana,Kaisa,Leona,Varus,Nidalee,Yone,Ezreal,Maokai,Red
KR_7591720895,2025-04-08 15:20:52.231000,38.35,Sion,Gwen,Yone,Ezreal,Poppy,Jayce,Viego,Orianna,Kaisa,Rakan,Blue
KR_7592170508,2025-04-09 05:14:48.520000,22.25,Yorick,Viego,Orianna,Kalista,Elise,Jayce,LeeSin,Zoe,Corki,Neeko,Red
KR_7590462378,2025-04-07 15:32:29.696000,27.03,Jayce,LeeSin,Diana,Aphelios,Poppy,Rumble,Vi,Ahri,Jinx,Thresh,Red
KR_7590404908,2025-04-07 14:55:05.237000,31.32,Jayce,Karthus,Yone,Xayah,Rakan,Nocturne,Vi,Taliyah,MissFortune,Maokai,Blue
KR_7590357370,2025-04-07 14:26:04.842000,24.48,Camille,Gwen,Corki,Kaisa,Pyke,Renekton,Zac,Anivia,Zeri,Poppy,Red
KR_7589921294,2025-04-07 10:21:32.955000,31.08,Vladimir,Vi,Ambessa,Tristana,Alistar,Fiora,Gwen,Gragas,Xayah,Rakan,Red
KR_7592904941,2025-04-09 14:26:09.297000,28.08,Nidalee,Poppy,Sylas,MissFortune,Anivia,DrMundo,Talon,Azir,Varus,Rell,Red
KR_7592325902,2025-04-09 07:52:10.038000,20.12,Sett,Gwen,Yone,Xayah,Poppy,Ambessa,XinZhao,Ahri,Kaisa,Nautilus,Red
KR_7592299281,2025-04-09 07:21:21.625000,22.35,Aatrox,LeeSin,Cassiopeia,Tristana,Lux,RekSai,Shaco,Malzahar,Ezreal,Rell,Blue
KR_7591890997,2025-04-08 18:52:59.062000,30.1,Rumble,XinZhao,Taliyah,MissFortune,Nautilus,Riven,Jax,Azir,Jhin,Leona,Red
KR_7591879217,2025-04-08 18:12:53.865000,19.25,Kennen,LeeSin,Smolder,MissFortune,Rell,Fiora,Gwen,Sion,Ezreal,Alistar,Blue
KR_7590934573,2025-04-08 05:53:29.984000,26.08,Fiora,Naafiri,Zoe,Kaisa,Rell,Jax,Nocturne,Syndra,Jinx,Neeko,Red
KR_7585836961,2025-04-05 02:54:31.812000,16.05,Mordekaiser,RekSai,Aurora,Jhin,Neeko,Ambessa,Shaco,Zac,Lucian,Camille,Blue
KR_7584263561,2025-04-04 04:08:37.394000,29.87,Jayce,JarvanIV,Vladimir,Tristana,Karma,Quinn,LeeSin,Galio,Varus,Neeko,Red
KR_7584193466,2025-04-04 02:42:44.838000,33.67,Ryze,Belveth,Corki,Kaisa,Alistar,Gragas,Zac,Yone,MissFortune,Neeko,Red
KR_7584146960,2025-04-04 01:36:52.921000,16.12,Ambessa,Gwen,Yone,Corki,FiddleSticks,Camille,LeeSin,Galio,Ashe,Seraphine,Red
